name,distortion,level,level_numeric,snr_db,clean_path,distorted_path
P0063,haze,0.5,0.5,7.361264308432491,data/clean/test/images/P0063.png,data/distorted/haze/0.5/test/images/P0063.png
P0063,haze,1.0,1.0,3.2152907323175235,data/clean/test/images/P0063.png,data/distorted/haze/1.0/test/images/P0063.png
P0063,haze,1.5,1.5,1.415784992668465,data/clean/test/images/P0063.png,data/distorted/haze/1.5/test/images/P0063.png
P0063,haze,2.0,2.0,0.48182357079459515,data/clean/test/images/P0063.png,data/distorted/haze/2.0/test/images/P0063.png
P0063,haze,2.5,2.5,-0.03926554627165773,data/clean/test/images/P0063.png,data/distorted/haze/2.5/test/images/P0063.png
P0063,haze,3.0,3.0,-0.34052146730724425,data/clean/test/images/P0063.png,data/distorted/haze/3.0/test/images/P0063.png
P0063,jpeg,1,1.0,12.880987987334983,data/clean/test/images/P0063.png,data/distorted/jpeg/1/test/images/P0063.png
P0063,jpeg,3,3.0,13.26597144651027,data/clean/test/images/P0063.png,data/distorted/jpeg/3/test/images/P0063.png
P0063,jpeg,5,5.0,15.221611454515479,data/clean/test/images/P0063.png,data/distorted/jpeg/5/test/images/P0063.png
P0063,jpeg,10,10.0,17.868933501102248,data/clean/test/images/P0063.png,data/distorted/jpeg/10/test/images/P0063.png
P0063,jpeg,20,20.0,20.376639941022717,data/clean/test/images/P0063.png,data/distorted/jpeg/20/test/images/P0063.png
P0063,jpeg,40,40.0,22.924803285579053,data/clean/test/images/P0063.png,data/distorted/jpeg/40/test/images/P0063.png
P0063,noise,5,5.0,20.566753568071327,data/clean/test/images/P0063.png,data/distorted/noise/5/test/images/P0063.png
P0063,noise,10,10.0,18.742131295188894,data/clean/test/images/P0063.png,data/distorted/noise/10/test/images/P0063.png
P0063,noise,15,15.0,16.792805448974576,data/clean/test/images/P0063.png,data/distorted/noise/15/test/images/P0063.png
P0063,noise,25,25.0,13.5048084556095,data/clean/test/images/P0063.png,data/distorted/noise/25/test/images/P0063.png
P0063,noise,35,35.0,11.048568196713749,data/clean/test/images/P0063.png,data/distorted/noise/35/test/images/P0063.png
P0063,noise,50,50.0,8.420981274281994,data/clean/test/images/P0063.png,data/distorted/noise/50/test/images/P0063.png
P0081,haze,0.5,0.5,0.9446912496363596,data/clean/test/images/P0081.png,data/distorted/haze/0.5/test/images/P0081.png
P0081,haze,1.0,1.0,-3.1948242776147207,data/clean/test/images/P0081.png,data/distorted/haze/1.0/test/images/P0081.png
P0081,haze,1.5,1.5,-4.9778029780170545,data/clean/test/images/P0081.png,data/distorted/haze/1.5/test/images/P0081.png
P0081,haze,2.0,2.0,-5.929344072158042,data/clean/test/images/P0081.png,data/distorted/haze/2.0/test/images/P0081.png
P0081,haze,2.5,2.5,-6.44623347633039,data/clean/test/images/P0081.png,data/distorted/haze/2.5/test/images/P0081.png
P0081,haze,3.0,3.0,-6.753990740563961,data/clean/test/images/P0081.png,data/distorted/haze/3.0/test/images/P0081.png
P0081,jpeg,1,1.0,14.045896539021728,data/clean/test/images/P0081.png,data/distorted/jpeg/1/test/images/P0081.png
P0081,jpeg,3,3.0,14.327205621608607,data/clean/test/images/P0081.png,data/distorted/jpeg/3/test/images/P0081.png
P0081,jpeg,5,5.0,15.775098507539397,data/clean/test/images/P0081.png,data/distorted/jpeg/5/test/images/P0081.png
P0081,jpeg,10,10.0,20.34971478443176,data/clean/test/images/P0081.png,data/distorted/jpeg/10/test/images/P0081.png
P0081,jpeg,20,20.0,23.473310649545166,data/clean/test/images/P0081.png,data/distorted/jpeg/20/test/images/P0081.png
P0081,jpeg,40,40.0,26.317025150234336,data/clean/test/images/P0081.png,data/distorted/jpeg/40/test/images/P0081.png
P0081,noise,5,5.0,19.601950745599694,data/clean/test/images/P0081.png,data/distorted/noise/5/test/images/P0081.png
P0081,noise,10,10.0,17.19792907797271,data/clean/test/images/P0081.png,data/distorted/noise/10/test/images/P0081.png
P0081,noise,15,15.0,14.866482846914144,data/clean/test/images/P0081.png,data/distorted/noise/15/test/images/P0081.png
P0081,noise,25,25.0,11.206910272753731,data/clean/test/images/P0081.png,data/distorted/noise/25/test/images/P0081.png
P0081,noise,35,35.0,8.564251980221162,data/clean/test/images/P0081.png,data/distorted/noise/35/test/images/P0081.png
P0081,noise,50,50.0,5.742045445268489,data/clean/test/images/P0081.png,data/distorted/noise/50/test/images/P0081.png
P0198,haze,0.5,0.5,3.176009121557682,data/clean/test/images/P0198.png,data/distorted/haze/0.5/test/images/P0198.png
P0198,haze,1.0,1.0,-0.9654949811926767,data/clean/test/images/P0198.png,data/distorted/haze/1.0/test/images/P0198.png
P0198,haze,1.5,1.5,-2.763981268282495,data/clean/test/images/P0198.png,data/distorted/haze/1.5/test/images/P0198.png
P0198,haze,2.0,2.0,-3.696297975689572,data/clean/test/images/P0198.png,data/distorted/haze/2.0/test/images/P0198.png
P0198,haze,2.5,2.5,-4.217477654028361,data/clean/test/images/P0198.png,data/distorted/haze/2.5/test/images/P0198.png
P0198,haze,3.0,3.0,-4.519172235154825,data/clean/test/images/P0198.png,data/distorted/haze/3.0/test/images/P0198.png
P0198,jpeg,1,1.0,13.78651676991829,data/clean/test/images/P0198.png,data/distorted/jpeg/1/test/images/P0198.png
P0198,jpeg,3,3.0,14.236454998855239,data/clean/test/images/P0198.png,data/distorted/jpeg/3/test/images/P0198.png
P0198,jpeg,5,5.0,15.878326197566286,data/clean/test/images/P0198.png,data/distorted/jpeg/5/test/images/P0198.png
P0198,jpeg,10,10.0,19.629713604371595,data/clean/test/images/P0198.png,data/distorted/jpeg/10/test/images/P0198.png
P0198,jpeg,20,20.0,22.468834630095465,data/clean/test/images/P0198.png,data/distorted/jpeg/20/test/images/P0198.png
P0198,jpeg,40,40.0,25.172585887770392,data/clean/test/images/P0198.png,data/distorted/jpeg/40/test/images/P0198.png
P0198,noise,5,5.0,19.329875272249467,data/clean/test/images/P0198.png,data/distorted/noise/5/test/images/P0198.png
P0198,noise,10,10.0,17.0958169071601,data/clean/test/images/P0198.png,data/distorted/noise/10/test/images/P0198.png
P0198,noise,15,15.0,14.896370767644528,data/clean/test/images/P0198.png,data/distorted/noise/15/test/images/P0198.png
P0198,noise,25,25.0,11.431360103326949,data/clean/test/images/P0198.png,data/distorted/noise/25/test/images/P0198.png
P0198,noise,35,35.0,8.962329374289618,data/clean/test/images/P0198.png,data/distorted/noise/35/test/images/P0198.png
P0198,noise,50,50.0,6.372664185148487,data/clean/test/images/P0198.png,data/distorted/noise/50/test/images/P0198.png
P0308,haze,0.5,0.5,1.228742500895043,data/clean/test/images/P0308.png,data/distorted/haze/0.5/test/images/P0308.png
P0308,haze,1.0,1.0,-2.9190371885040136,data/clean/test/images/P0308.png,data/distorted/haze/1.0/test/images/P0308.png
P0308,haze,1.5,1.5,-4.717047446176662,data/clean/test/images/P0308.png,data/distorted/haze/1.5/test/images/P0308.png
P0308,haze,2.0,2.0,-5.65184546876044,data/clean/test/images/P0308.png,data/distorted/haze/2.0/test/images/P0308.png
P0308,haze,2.5,2.5,-6.172731962841098,data/clean/test/images/P0308.png,data/distorted/haze/2.5/test/images/P0308.png
P0308,haze,3.0,3.0,-6.475081317448388,data/clean/test/images/P0308.png,data/distorted/haze/3.0/test/images/P0308.png
P0308,jpeg,1,1.0,14.365189247537948,data/clean/test/images/P0308.png,data/distorted/jpeg/1/test/images/P0308.png
P0308,jpeg,3,3.0,14.591782061686898,data/clean/test/images/P0308.png,data/distorted/jpeg/3/test/images/P0308.png
P0308,jpeg,5,5.0,15.952630746108074,data/clean/test/images/P0308.png,data/distorted/jpeg/5/test/images/P0308.png
P0308,jpeg,10,10.0,18.199097719838683,data/clean/test/images/P0308.png,data/distorted/jpeg/10/test/images/P0308.png
P0308,jpeg,20,20.0,21.530166016844994,data/clean/test/images/P0308.png,data/distorted/jpeg/20/test/images/P0308.png
P0308,jpeg,40,40.0,24.20549044584673,data/clean/test/images/P0308.png,data/distorted/jpeg/40/test/images/P0308.png
P0308,noise,5,5.0,17.05627487510453,data/clean/test/images/P0308.png,data/distorted/noise/5/test/images/P0308.png
P0308,noise,10,10.0,14.410154618820808,data/clean/test/images/P0308.png,data/distorted/noise/10/test/images/P0308.png
P0308,noise,15,15.0,11.9816595178402,data/clean/test/images/P0308.png,data/distorted/noise/15/test/images/P0308.png
P0308,noise,25,25.0,8.34461692993732,data/clean/test/images/P0308.png,data/distorted/noise/25/test/images/P0308.png
P0308,noise,35,35.0,5.872112228888487,data/clean/test/images/P0308.png,data/distorted/noise/35/test/images/P0308.png
P0308,noise,50,50.0,3.3457982474153103,data/clean/test/images/P0308.png,data/distorted/noise/50/test/images/P0308.png
P0336,haze,0.5,0.5,-1.5472183248018336,data/clean/test/images/P0336.png,data/distorted/haze/0.5/test/images/P0336.png
P0336,haze,1.0,1.0,-5.685767931132608,data/clean/test/images/P0336.png,data/distorted/haze/1.0/test/images/P0336.png
P0336,haze,1.5,1.5,-7.482471131742726,data/clean/test/images/P0336.png,data/distorted/haze/1.5/test/images/P0336.png
P0336,haze,2.0,2.0,-8.415716496313214,data/clean/test/images/P0336.png,data/distorted/haze/2.0/test/images/P0336.png
P0336,haze,2.5,2.5,-8.936414104286403,data/clean/test/images/P0336.png,data/distorted/haze/2.5/test/images/P0336.png
P0336,haze,3.0,3.0,-9.236574701677489,data/clean/test/images/P0336.png,data/distorted/haze/3.0/test/images/P0336.png
P0336,jpeg,1,1.0,12.941758233226405,data/clean/test/images/P0336.png,data/distorted/jpeg/1/test/images/P0336.png
P0336,jpeg,3,3.0,13.228725369592523,data/clean/test/images/P0336.png,data/distorted/jpeg/3/test/images/P0336.png
P0336,jpeg,5,5.0,15.431466880626033,data/clean/test/images/P0336.png,data/distorted/jpeg/5/test/images/P0336.png
P0336,jpeg,10,10.0,18.184490189943105,data/clean/test/images/P0336.png,data/distorted/jpeg/10/test/images/P0336.png
P0336,jpeg,20,20.0,20.734043521008164,data/clean/test/images/P0336.png,data/distorted/jpeg/20/test/images/P0336.png
P0336,jpeg,40,40.0,23.21306853483378,data/clean/test/images/P0336.png,data/distorted/jpeg/40/test/images/P0336.png
P0336,noise,5,5.0,17.506559115947873,data/clean/test/images/P0336.png,data/distorted/noise/5/test/images/P0336.png
P0336,noise,10,10.0,14.654058758165265,data/clean/test/images/P0336.png,data/distorted/noise/10/test/images/P0336.png
P0336,noise,15,15.0,12.17653470315012,data/clean/test/images/P0336.png,data/distorted/noise/15/test/images/P0336.png
P0336,noise,25,25.0,8.673947295821115,data/clean/test/images/P0336.png,data/distorted/noise/25/test/images/P0336.png
P0336,noise,35,35.0,6.321857831587458,data/clean/test/images/P0336.png,data/distorted/noise/35/test/images/P0336.png
P0336,noise,50,50.0,3.8172661059153876,data/clean/test/images/P0336.png,data/distorted/noise/50/test/images/P0336.png
P0345,haze,0.5,0.5,0.6465847800752185,data/clean/test/images/P0345.png,data/distorted/haze/0.5/test/images/P0345.png
P0345,haze,1.0,1.0,-3.499576451740745,data/clean/test/images/P0345.png,data/distorted/haze/1.0/test/images/P0345.png
P0345,haze,1.5,1.5,-5.298966136567861,data/clean/test/images/P0345.png,data/distorted/haze/1.5/test/images/P0345.png
P0345,haze,2.0,2.0,-6.232099885397023,data/clean/test/images/P0345.png,data/distorted/haze/2.0/test/images/P0345.png
P0345,haze,2.5,2.5,-6.753706386369913,data/clean/test/images/P0345.png,data/distorted/haze/2.5/test/images/P0345.png
P0345,haze,3.0,3.0,-7.053334298053388,data/clean/test/images/P0345.png,data/distorted/haze/3.0/test/images/P0345.png
P0345,jpeg,1,1.0,13.41815877502608,data/clean/test/images/P0345.png,data/distorted/jpeg/1/test/images/P0345.png
P0345,jpeg,3,3.0,13.650884831185682,data/clean/test/images/P0345.png,data/distorted/jpeg/3/test/images/P0345.png
P0345,jpeg,5,5.0,14.539504289386539,data/clean/test/images/P0345.png,data/distorted/jpeg/5/test/images/P0345.png
P0345,jpeg,10,10.0,17.90844213567796,data/clean/test/images/P0345.png,data/distorted/jpeg/10/test/images/P0345.png
P0345,jpeg,20,20.0,21.049107413597056,data/clean/test/images/P0345.png,data/distorted/jpeg/20/test/images/P0345.png
P0345,jpeg,40,40.0,23.8031216232198,data/clean/test/images/P0345.png,data/distorted/jpeg/40/test/images/P0345.png
P0345,noise,5,5.0,16.963196855113416,data/clean/test/images/P0345.png,data/distorted/noise/5/test/images/P0345.png
P0345,noise,10,10.0,14.275462975534754,data/clean/test/images/P0345.png,data/distorted/noise/10/test/images/P0345.png
P0345,noise,15,15.0,11.830670071424716,data/clean/test/images/P0345.png,data/distorted/noise/15/test/images/P0345.png
P0345,noise,25,25.0,8.20256561181695,data/clean/test/images/P0345.png,data/distorted/noise/25/test/images/P0345.png
P0345,noise,35,35.0,5.750366408922911,data/clean/test/images/P0345.png,data/distorted/noise/35/test/images/P0345.png
P0345,noise,50,50.0,3.233899461288223,data/clean/test/images/P0345.png,data/distorted/noise/50/test/images/P0345.png
P0363,haze,0.5,0.5,0.8085359916268149,data/clean/test/images/P0363.png,data/distorted/haze/0.5/test/images/P0363.png
P0363,haze,1.0,1.0,-3.3391959508826394,data/clean/test/images/P0363.png,data/distorted/haze/1.0/test/images/P0363.png
P0363,haze,1.5,1.5,-5.139449723927488,data/clean/test/images/P0363.png,data/distorted/haze/1.5/test/images/P0363.png
P0363,haze,2.0,2.0,-6.062311073805176,data/clean/test/images/P0363.png,data/distorted/haze/2.0/test/images/P0363.png
P0363,haze,2.5,2.5,-6.593880652539133,data/clean/test/images/P0363.png,data/distorted/haze/2.5/test/images/P0363.png
P0363,haze,3.0,3.0,-6.891177929884708,data/clean/test/images/P0363.png,data/distorted/haze/3.0/test/images/P0363.png
P0363,jpeg,1,1.0,13.660726628337121,data/clean/test/images/P0363.png,data/distorted/jpeg/1/test/images/P0363.png
P0363,jpeg,3,3.0,13.943047174766217,data/clean/test/images/P0363.png,data/distorted/jpeg/3/test/images/P0363.png
P0363,jpeg,5,5.0,15.576651999312556,data/clean/test/images/P0363.png,data/distorted/jpeg/5/test/images/P0363.png
P0363,jpeg,10,10.0,18.844970050267747,data/clean/test/images/P0363.png,data/distorted/jpeg/10/test/images/P0363.png
P0363,jpeg,20,20.0,21.728045277035683,data/clean/test/images/P0363.png,data/distorted/jpeg/20/test/images/P0363.png
P0363,jpeg,40,40.0,24.49305937905084,data/clean/test/images/P0363.png,data/distorted/jpeg/40/test/images/P0363.png
P0363,noise,5,5.0,18.477349299388827,data/clean/test/images/P0363.png,data/distorted/noise/5/test/images/P0363.png
P0363,noise,10,10.0,16.04713287971518,data/clean/test/images/P0363.png,data/distorted/noise/10/test/images/P0363.png
P0363,noise,15,15.0,13.714450259572457,data/clean/test/images/P0363.png,data/distorted/noise/15/test/images/P0363.png
P0363,noise,25,25.0,10.08979076671627,data/clean/test/images/P0363.png,data/distorted/noise/25/test/images/P0363.png
P0363,noise,35,35.0,7.524264517105561,data/clean/test/images/P0363.png,data/distorted/noise/35/test/images/P0363.png
P0363,noise,50,50.0,4.847427646963676,data/clean/test/images/P0363.png,data/distorted/noise/50/test/images/P0363.png
P0368,haze,0.5,0.5,1.3058336094557883,data/clean/test/images/P0368.png,data/distorted/haze/0.5/test/images/P0368.png
P0368,haze,1.0,1.0,-2.839968472432817,data/clean/test/images/P0368.png,data/distorted/haze/1.0/test/images/P0368.png
P0368,haze,1.5,1.5,-4.637251222188975,data/clean/test/images/P0368.png,data/distorted/haze/1.5/test/images/P0368.png
P0368,haze,2.0,2.0,-5.564358452434712,data/clean/test/images/P0368.png,data/distorted/haze/2.0/test/images/P0368.png
P0368,haze,2.5,2.5,-6.0892344052852945,data/clean/test/images/P0368.png,data/distorted/haze/2.5/test/images/P0368.png
P0368,haze,3.0,3.0,-6.394014235676593,data/clean/test/images/P0368.png,data/distorted/haze/3.0/test/images/P0368.png
P0368,jpeg,1,1.0,14.039362094042158,data/clean/test/images/P0368.png,data/distorted/jpeg/1/test/images/P0368.png
P0368,jpeg,3,3.0,14.322564474215271,data/clean/test/images/P0368.png,data/distorted/jpeg/3/test/images/P0368.png
P0368,jpeg,5,5.0,15.9470257720009,data/clean/test/images/P0368.png,data/distorted/jpeg/5/test/images/P0368.png
P0368,jpeg,10,10.0,19.594530152161653,data/clean/test/images/P0368.png,data/distorted/jpeg/10/test/images/P0368.png
P0368,jpeg,20,20.0,22.533529544261203,data/clean/test/images/P0368.png,data/distorted/jpeg/20/test/images/P0368.png
P0368,jpeg,40,40.0,25.361427640426516,data/clean/test/images/P0368.png,data/distorted/jpeg/40/test/images/P0368.png
P0368,noise,5,5.0,18.615988047926862,data/clean/test/images/P0368.png,data/distorted/noise/5/test/images/P0368.png
P0368,noise,10,10.0,16.21471716615758,data/clean/test/images/P0368.png,data/distorted/noise/10/test/images/P0368.png
P0368,noise,15,15.0,13.894804867202144,data/clean/test/images/P0368.png,data/distorted/noise/15/test/images/P0368.png
P0368,noise,25,25.0,10.267919490072694,data/clean/test/images/P0368.png,data/distorted/noise/25/test/images/P0368.png
P0368,noise,35,35.0,7.685492994232131,data/clean/test/images/P0368.png,data/distorted/noise/35/test/images/P0368.png
P0368,noise,50,50.0,4.984548867376802,data/clean/test/images/P0368.png,data/distorted/noise/50/test/images/P0368.png
P0377,haze,0.5,0.5,-0.328251922167334,data/clean/test/images/P0377.png,data/distorted/haze/0.5/test/images/P0377.png
P0377,haze,1.0,1.0,-4.45875790958379,data/clean/test/images/P0377.png,data/distorted/haze/1.0/test/images/P0377.png
P0377,haze,1.5,1.5,-6.258387510396313,data/clean/test/images/P0377.png,data/distorted/haze/1.5/test/images/P0377.png
P0377,haze,2.0,2.0,-7.188952052611648,data/clean/test/images/P0377.png,data/distorted/haze/2.0/test/images/P0377.png
P0377,haze,2.5,2.5,-7.718451983916386,data/clean/test/images/P0377.png,data/distorted/haze/2.5/test/images/P0377.png
P0377,haze,3.0,3.0,-8.016577441648254,data/clean/test/images/P0377.png,data/distorted/haze/3.0/test/images/P0377.png
P0377,jpeg,1,1.0,12.71685696798297,data/clean/test/images/P0377.png,data/distorted/jpeg/1/test/images/P0377.png
P0377,jpeg,3,3.0,12.850561137155097,data/clean/test/images/P0377.png,data/distorted/jpeg/3/test/images/P0377.png
P0377,jpeg,5,5.0,14.12145525354633,data/clean/test/images/P0377.png,data/distorted/jpeg/5/test/images/P0377.png
P0377,jpeg,10,10.0,18.578662945511738,data/clean/test/images/P0377.png,data/distorted/jpeg/10/test/images/P0377.png
P0377,jpeg,20,20.0,21.507596801739794,data/clean/test/images/P0377.png,data/distorted/jpeg/20/test/images/P0377.png
P0377,jpeg,40,40.0,24.324332917931628,data/clean/test/images/P0377.png,data/distorted/jpeg/40/test/images/P0377.png
P0377,noise,5,5.0,18.255375326539674,data/clean/test/images/P0377.png,data/distorted/noise/5/test/images/P0377.png
P0377,noise,10,10.0,15.726221869584027,data/clean/test/images/P0377.png,data/distorted/noise/10/test/images/P0377.png
P0377,noise,15,15.0,13.33342086168036,data/clean/test/images/P0377.png,data/distorted/noise/15/test/images/P0377.png
P0377,noise,25,25.0,9.652850502415282,data/clean/test/images/P0377.png,data/distorted/noise/25/test/images/P0377.png
P0377,noise,35,35.0,7.0693892481409275,data/clean/test/images/P0377.png,data/distorted/noise/35/test/images/P0377.png
P0377,noise,50,50.0,4.383407127869971,data/clean/test/images/P0377.png,data/distorted/noise/50/test/images/P0377.png
P0452,haze,0.5,0.5,2.8311158182432843,data/clean/test/images/P0452.png,data/distorted/haze/0.5/test/images/P0452.png
P0452,haze,1.0,1.0,-1.306448816763698,data/clean/test/images/P0452.png,data/distorted/haze/1.0/test/images/P0452.png
P0452,haze,1.5,1.5,-3.107394345151543,data/clean/test/images/P0452.png,data/distorted/haze/1.5/test/images/P0452.png
P0452,haze,2.0,2.0,-4.038984360388187,data/clean/test/images/P0452.png,data/distorted/haze/2.0/test/images/P0452.png
P0452,haze,2.5,2.5,-4.554629711862026,data/clean/test/images/P0452.png,data/distorted/haze/2.5/test/images/P0452.png
P0452,haze,3.0,3.0,-4.862119632382384,data/clean/test/images/P0452.png,data/distorted/haze/3.0/test/images/P0452.png
P0452,jpeg,1,1.0,12.760745540251591,data/clean/test/images/P0452.png,data/distorted/jpeg/1/test/images/P0452.png
P0452,jpeg,3,3.0,13.136746235776961,data/clean/test/images/P0452.png,data/distorted/jpeg/3/test/images/P0452.png
P0452,jpeg,5,5.0,15.096805790441554,data/clean/test/images/P0452.png,data/distorted/jpeg/5/test/images/P0452.png
P0452,jpeg,10,10.0,18.213906745601037,data/clean/test/images/P0452.png,data/distorted/jpeg/10/test/images/P0452.png
P0452,jpeg,20,20.0,20.940439019876642,data/clean/test/images/P0452.png,data/distorted/jpeg/20/test/images/P0452.png
P0452,jpeg,40,40.0,23.47538997274068,data/clean/test/images/P0452.png,data/distorted/jpeg/40/test/images/P0452.png
P0452,noise,5,5.0,19.645551282183973,data/clean/test/images/P0452.png,data/distorted/noise/5/test/images/P0452.png
P0452,noise,10,10.0,17.462483401454378,data/clean/test/images/P0452.png,data/distorted/noise/10/test/images/P0452.png
P0452,noise,15,15.0,15.281323932139422,data/clean/test/images/P0452.png,data/distorted/noise/15/test/images/P0452.png
P0452,noise,25,25.0,11.784677892222714,data/clean/test/images/P0452.png,data/distorted/noise/25/test/images/P0452.png
P0452,noise,35,35.0,9.247768995799662,data/clean/test/images/P0452.png,data/distorted/noise/35/test/images/P0452.png
P0452,noise,50,50.0,6.559730406814958,data/clean/test/images/P0452.png,data/distorted/noise/50/test/images/P0452.png
P0517,haze,0.5,0.5,1.5060505474727128,data/clean/test/images/P0517.png,data/distorted/haze/0.5/test/images/P0517.png
P0517,haze,1.0,1.0,-2.6337791285198087,data/clean/test/images/P0517.png,data/distorted/haze/1.0/test/images/P0517.png
P0517,haze,1.5,1.5,-4.431956449125676,data/clean/test/images/P0517.png,data/distorted/haze/1.5/test/images/P0517.png
P0517,haze,2.0,2.0,-5.364663798490481,data/clean/test/images/P0517.png,data/distorted/haze/2.0/test/images/P0517.png
P0517,haze,2.5,2.5,-5.8856946678921505,data/clean/test/images/P0517.png,data/distorted/haze/2.5/test/images/P0517.png
P0517,haze,3.0,3.0,-6.186984143942399,data/clean/test/images/P0517.png,data/distorted/haze/3.0/test/images/P0517.png
P0517,jpeg,1,1.0,11.497973429717074,data/clean/test/images/P0517.png,data/distorted/jpeg/1/test/images/P0517.png
P0517,jpeg,3,3.0,11.875357942015674,data/clean/test/images/P0517.png,data/distorted/jpeg/3/test/images/P0517.png
P0517,jpeg,5,5.0,13.43351321760471,data/clean/test/images/P0517.png,data/distorted/jpeg/5/test/images/P0517.png
P0517,jpeg,10,10.0,16.5387162125528,data/clean/test/images/P0517.png,data/distorted/jpeg/10/test/images/P0517.png
P0517,jpeg,20,20.0,19.294538929362957,data/clean/test/images/P0517.png,data/distorted/jpeg/20/test/images/P0517.png
P0517,jpeg,40,40.0,21.907851470974865,data/clean/test/images/P0517.png,data/distorted/jpeg/40/test/images/P0517.png
P0517,noise,5,5.0,18.61078725642306,data/clean/test/images/P0517.png,data/distorted/noise/5/test/images/P0517.png
P0517,noise,10,10.0,16.217229010945434,data/clean/test/images/P0517.png,data/distorted/noise/10/test/images/P0517.png
P0517,noise,15,15.0,13.925469701333146,data/clean/test/images/P0517.png,data/distorted/noise/15/test/images/P0517.png
P0517,noise,25,25.0,10.385480215679268,data/clean/test/images/P0517.png,data/distorted/noise/25/test/images/P0517.png
P0517,noise,35,35.0,7.898240342796321,data/clean/test/images/P0517.png,data/distorted/noise/35/test/images/P0517.png
P0517,noise,50,50.0,5.299530746845117,data/clean/test/images/P0517.png,data/distorted/noise/50/test/images/P0517.png
P0565,haze,0.5,0.5,-1.886576095549367,data/clean/test/images/P0565.png,data/distorted/haze/0.5/test/images/P0565.png
P0565,haze,1.0,1.0,-6.024823907121242,data/clean/test/images/P0565.png,data/distorted/haze/1.0/test/images/P0565.png
P0565,haze,1.5,1.5,-7.821444265879798,data/clean/test/images/P0565.png,data/distorted/haze/1.5/test/images/P0565.png
P0565,haze,2.0,2.0,-8.754796241711318,data/clean/test/images/P0565.png,data/distorted/haze/2.0/test/images/P0565.png
P0565,haze,2.5,2.5,-9.275489390786351,data/clean/test/images/P0565.png,data/distorted/haze/2.5/test/images/P0565.png
P0565,haze,3.0,3.0,-9.578842235859556,data/clean/test/images/P0565.png,data/distorted/haze/3.0/test/images/P0565.png
P0565,jpeg,1,1.0,12.474214767312459,data/clean/test/images/P0565.png,data/distorted/jpeg/1/test/images/P0565.png
P0565,jpeg,3,3.0,12.671571168913491,data/clean/test/images/P0565.png,data/distorted/jpeg/3/test/images/P0565.png
P0565,jpeg,5,5.0,14.011955715429385,data/clean/test/images/P0565.png,data/distorted/jpeg/5/test/images/P0565.png
P0565,jpeg,10,10.0,16.92375697752014,data/clean/test/images/P0565.png,data/distorted/jpeg/10/test/images/P0565.png
P0565,jpeg,20,20.0,19.28769851181688,data/clean/test/images/P0565.png,data/distorted/jpeg/20/test/images/P0565.png
P0565,jpeg,40,40.0,21.288975380519947,data/clean/test/images/P0565.png,data/distorted/jpeg/40/test/images/P0565.png
P0565,noise,5,5.0,16.985971182889653,data/clean/test/images/P0565.png,data/distorted/noise/5/test/images/P0565.png
P0565,noise,10,10.0,14.123506960961496,data/clean/test/images/P0565.png,data/distorted/noise/10/test/images/P0565.png
P0565,noise,15,15.0,11.637177342563303,data/clean/test/images/P0565.png,data/distorted/noise/15/test/images/P0565.png
P0565,noise,25,25.0,8.114747335798327,data/clean/test/images/P0565.png,data/distorted/noise/25/test/images/P0565.png
P0565,noise,35,35.0,5.732585071650208,data/clean/test/images/P0565.png,data/distorted/noise/35/test/images/P0565.png
P0565,noise,50,50.0,3.207445463700939,data/clean/test/images/P0565.png,data/distorted/noise/50/test/images/P0565.png
P0649,haze,0.5,0.5,-1.0958142314075023,data/clean/test/images/P0649.png,data/distorted/haze/0.5/test/images/P0649.png
P0649,haze,1.0,1.0,-5.212375653973553,data/clean/test/images/P0649.png,data/distorted/haze/1.0/test/images/P0649.png
P0649,haze,1.5,1.5,-7.0262679807065345,data/clean/test/images/P0649.png,data/distorted/haze/1.5/test/images/P0649.png
P0649,haze,2.0,2.0,-7.946725574811411,data/clean/test/images/P0649.png,data/distorted/haze/2.0/test/images/P0649.png
P0649,haze,2.5,2.5,-8.471774439962935,data/clean/test/images/P0649.png,data/distorted/haze/2.5/test/images/P0649.png
P0649,haze,3.0,3.0,-8.789646191771057,data/clean/test/images/P0649.png,data/distorted/haze/3.0/test/images/P0649.png
P0649,jpeg,1,1.0,12.948701732098604,data/clean/test/images/P0649.png,data/distorted/jpeg/1/test/images/P0649.png
P0649,jpeg,3,3.0,13.196518332862139,data/clean/test/images/P0649.png,data/distorted/jpeg/3/test/images/P0649.png
P0649,jpeg,5,5.0,13.190717904499483,data/clean/test/images/P0649.png,data/distorted/jpeg/5/test/images/P0649.png
P0649,jpeg,10,10.0,18.446600355969963,data/clean/test/images/P0649.png,data/distorted/jpeg/10/test/images/P0649.png
P0649,jpeg,20,20.0,21.837206411595986,data/clean/test/images/P0649.png,data/distorted/jpeg/20/test/images/P0649.png
P0649,jpeg,40,40.0,24.47639088138517,data/clean/test/images/P0649.png,data/distorted/jpeg/40/test/images/P0649.png
P0649,noise,5,5.0,16.843510332922285,data/clean/test/images/P0649.png,data/distorted/noise/5/test/images/P0649.png
P0649,noise,10,10.0,13.494622679039669,data/clean/test/images/P0649.png,data/distorted/noise/10/test/images/P0649.png
P0649,noise,15,15.0,10.702297465752482,data/clean/test/images/P0649.png,data/distorted/noise/15/test/images/P0649.png
P0649,noise,25,25.0,6.720480812046915,data/clean/test/images/P0649.png,data/distorted/noise/25/test/images/P0649.png
P0649,noise,35,35.0,4.020120765566498,data/clean/test/images/P0649.png,data/distorted/noise/35/test/images/P0649.png
P0649,noise,50,50.0,1.198685409516268,data/clean/test/images/P0649.png,data/distorted/noise/50/test/images/P0649.png
P0699,haze,0.5,0.5,0.832006944063308,data/clean/test/images/P0699.png,data/distorted/haze/0.5/test/images/P0699.png
P0699,haze,1.0,1.0,-3.286180707927388,data/clean/test/images/P0699.png,data/distorted/haze/1.0/test/images/P0699.png
P0699,haze,1.5,1.5,-5.090403154460766,data/clean/test/images/P0699.png,data/distorted/haze/1.5/test/images/P0699.png
P0699,haze,2.0,2.0,-6.02498639051031,data/clean/test/images/P0699.png,data/distorted/haze/2.0/test/images/P0699.png
P0699,haze,2.5,2.5,-6.547492555320591,data/clean/test/images/P0699.png,data/distorted/haze/2.5/test/images/P0699.png
P0699,haze,3.0,3.0,-6.844715045885698,data/clean/test/images/P0699.png,data/distorted/haze/3.0/test/images/P0699.png
P0699,jpeg,1,1.0,17.60623824247475,data/clean/test/images/P0699.png,data/distorted/jpeg/1/test/images/P0699.png
P0699,jpeg,3,3.0,18.04340194052235,data/clean/test/images/P0699.png,data/distorted/jpeg/3/test/images/P0699.png
P0699,jpeg,5,5.0,18.06621235822788,data/clean/test/images/P0699.png,data/distorted/jpeg/5/test/images/P0699.png
P0699,jpeg,10,10.0,22.565134363335666,data/clean/test/images/P0699.png,data/distorted/jpeg/10/test/images/P0699.png
P0699,jpeg,20,20.0,24.92716465502648,data/clean/test/images/P0699.png,data/distorted/jpeg/20/test/images/P0699.png
P0699,jpeg,40,40.0,27.215054497417796,data/clean/test/images/P0699.png,data/distorted/jpeg/40/test/images/P0699.png
P0699,noise,5,5.0,18.960903032230064,data/clean/test/images/P0699.png,data/distorted/noise/5/test/images/P0699.png
P0699,noise,10,10.0,16.603968385734444,data/clean/test/images/P0699.png,data/distorted/noise/10/test/images/P0699.png
P0699,noise,15,15.0,14.301300333189067,data/clean/test/images/P0699.png,data/distorted/noise/15/test/images/P0699.png
P0699,noise,25,25.0,10.660372549665665,data/clean/test/images/P0699.png,data/distorted/noise/25/test/images/P0699.png
P0699,noise,35,35.0,8.031884146835937,data/clean/test/images/P0699.png,data/distorted/noise/35/test/images/P0699.png
P0699,noise,50,50.0,5.270684218328164,data/clean/test/images/P0699.png,data/distorted/noise/50/test/images/P0699.png
P0806,haze,0.5,0.5,5.423615042986257,data/clean/test/images/P0806.png,data/distorted/haze/0.5/test/images/P0806.png
P0806,haze,1.0,1.0,1.2793212425153024,data/clean/test/images/P0806.png,data/distorted/haze/1.0/test/images/P0806.png
P0806,haze,1.5,1.5,-0.5201340422861457,data/clean/test/images/P0806.png,data/distorted/haze/1.5/test/images/P0806.png
P0806,haze,2.0,2.0,-1.4535407628758192,data/clean/test/images/P0806.png,data/distorted/haze/2.0/test/images/P0806.png
P0806,haze,2.5,2.5,-1.9745761305064562,data/clean/test/images/P0806.png,data/distorted/haze/2.5/test/images/P0806.png
P0806,haze,3.0,3.0,-2.276295070284429,data/clean/test/images/P0806.png,data/distorted/haze/3.0/test/images/P0806.png
P0806,jpeg,1,1.0,15.283626590737109,data/clean/test/images/P0806.png,data/distorted/jpeg/1/test/images/P0806.png
P0806,jpeg,3,3.0,15.582901859092537,data/clean/test/images/P0806.png,data/distorted/jpeg/3/test/images/P0806.png
P0806,jpeg,5,5.0,17.71917025902127,data/clean/test/images/P0806.png,data/distorted/jpeg/5/test/images/P0806.png
P0806,jpeg,10,10.0,21.547781171493444,data/clean/test/images/P0806.png,data/distorted/jpeg/10/test/images/P0806.png
P0806,jpeg,20,20.0,24.99011355001749,data/clean/test/images/P0806.png,data/distorted/jpeg/20/test/images/P0806.png
P0806,jpeg,40,40.0,27.921075144210626,data/clean/test/images/P0806.png,data/distorted/jpeg/40/test/images/P0806.png
P0806,noise,5,5.0,19.732098322595107,data/clean/test/images/P0806.png,data/distorted/noise/5/test/images/P0806.png
P0806,noise,10,10.0,17.734881175138113,data/clean/test/images/P0806.png,data/distorted/noise/10/test/images/P0806.png
P0806,noise,15,15.0,15.661729107639104,data/clean/test/images/P0806.png,data/distorted/noise/15/test/images/P0806.png
P0806,noise,25,25.0,12.254726430688258,data/clean/test/images/P0806.png,data/distorted/noise/25/test/images/P0806.png
P0806,noise,35,35.0,9.752746964185265,data/clean/test/images/P0806.png,data/distorted/noise/35/test/images/P0806.png
P0806,noise,50,50.0,7.096314487272921,data/clean/test/images/P0806.png,data/distorted/noise/50/test/images/P0806.png
P1003,haze,0.5,0.5,-3.075865534098758,data/clean/test/images/P1003.png,data/distorted/haze/0.5/test/images/P1003.png
P1003,haze,1.0,1.0,-7.224242106734896,data/clean/test/images/P1003.png,data/distorted/haze/1.0/test/images/P1003.png
P1003,haze,1.5,1.5,-9.016610855506357,data/clean/test/images/P1003.png,data/distorted/haze/1.5/test/images/P1003.png
P1003,haze,2.0,2.0,-9.947708356917364,data/clean/test/images/P1003.png,data/distorted/haze/2.0/test/images/P1003.png
P1003,haze,2.5,2.5,-10.469921172420843,data/clean/test/images/P1003.png,data/distorted/haze/2.5/test/images/P1003.png
P1003,haze,3.0,3.0,-10.76565981722254,data/clean/test/images/P1003.png,data/distorted/haze/3.0/test/images/P1003.png
P1003,jpeg,1,1.0,11.844528598254646,data/clean/test/images/P1003.png,data/distorted/jpeg/1/test/images/P1003.png
P1003,jpeg,3,3.0,12.153999444162123,data/clean/test/images/P1003.png,data/distorted/jpeg/3/test/images/P1003.png
P1003,jpeg,5,5.0,12.679780342486659,data/clean/test/images/P1003.png,data/distorted/jpeg/5/test/images/P1003.png
P1003,jpeg,10,10.0,15.724882152700276,data/clean/test/images/P1003.png,data/distorted/jpeg/10/test/images/P1003.png
P1003,jpeg,20,20.0,18.064653417876674,data/clean/test/images/P1003.png,data/distorted/jpeg/20/test/images/P1003.png
P1003,jpeg,40,40.0,20.332194670518273,data/clean/test/images/P1003.png,data/distorted/jpeg/40/test/images/P1003.png
P1003,noise,5,5.0,17.24866190084238,data/clean/test/images/P1003.png,data/distorted/noise/5/test/images/P1003.png
P1003,noise,10,10.0,14.14274256793374,data/clean/test/images/P1003.png,data/distorted/noise/10/test/images/P1003.png
P1003,noise,15,15.0,11.515370257984896,data/clean/test/images/P1003.png,data/distorted/noise/15/test/images/P1003.png
P1003,noise,25,25.0,7.816025764107106,data/clean/test/images/P1003.png,data/distorted/noise/25/test/images/P1003.png
P1003,noise,35,35.0,5.309191479392038,data/clean/test/images/P1003.png,data/distorted/noise/35/test/images/P1003.png
P1003,noise,50,50.0,2.6347644987507053,data/clean/test/images/P1003.png,data/distorted/noise/50/test/images/P1003.png
P1029,haze,0.5,0.5,1.454232482125319,data/clean/test/images/P1029.png,data/distorted/haze/0.5/test/images/P1029.png
P1029,haze,1.0,1.0,-2.6859680983951346,data/clean/test/images/P1029.png,data/distorted/haze/1.0/test/images/P1029.png
P1029,haze,1.5,1.5,-4.483923359533043,data/clean/test/images/P1029.png,data/distorted/haze/1.5/test/images/P1029.png
P1029,haze,2.0,2.0,-5.416695475099384,data/clean/test/images/P1029.png,data/distorted/haze/2.0/test/images/P1029.png
P1029,haze,2.5,2.5,-5.937331609481452,data/clean/test/images/P1029.png,data/distorted/haze/2.5/test/images/P1029.png
P1029,haze,3.0,3.0,-6.239208479526633,data/clean/test/images/P1029.png,data/distorted/haze/3.0/test/images/P1029.png
P1029,jpeg,1,1.0,13.125964316633125,data/clean/test/images/P1029.png,data/distorted/jpeg/1/test/images/P1029.png
P1029,jpeg,3,3.0,13.491893305725958,data/clean/test/images/P1029.png,data/distorted/jpeg/3/test/images/P1029.png
P1029,jpeg,5,5.0,15.07221957334967,data/clean/test/images/P1029.png,data/distorted/jpeg/5/test/images/P1029.png
P1029,jpeg,10,10.0,17.562564559269763,data/clean/test/images/P1029.png,data/distorted/jpeg/10/test/images/P1029.png
P1029,jpeg,20,20.0,19.96348648688414,data/clean/test/images/P1029.png,data/distorted/jpeg/20/test/images/P1029.png
P1029,jpeg,40,40.0,22.467518593843465,data/clean/test/images/P1029.png,data/distorted/jpeg/40/test/images/P1029.png
P1029,noise,5,5.0,18.613590791741473,data/clean/test/images/P1029.png,data/distorted/noise/5/test/images/P1029.png
P1029,noise,10,10.0,16.18077583329825,data/clean/test/images/P1029.png,data/distorted/noise/10/test/images/P1029.png
P1029,noise,15,15.0,13.866005502007939,data/clean/test/images/P1029.png,data/distorted/noise/15/test/images/P1029.png
P1029,noise,25,25.0,10.35115526369831,data/clean/test/images/P1029.png,data/distorted/noise/25/test/images/P1029.png
P1029,noise,35,35.0,7.9252876670846275,data/clean/test/images/P1029.png,data/distorted/noise/35/test/images/P1029.png
P1029,noise,50,50.0,5.385124305288029,data/clean/test/images/P1029.png,data/distorted/noise/50/test/images/P1029.png
P1148,haze,0.5,0.5,5.410271500105494,data/clean/test/images/P1148.png,data/distorted/haze/0.5/test/images/P1148.png
P1148,haze,1.0,1.0,1.2663023037089949,data/clean/test/images/P1148.png,data/distorted/haze/1.0/test/images/P1148.png
P1148,haze,1.5,1.5,-0.5321723860237566,data/clean/test/images/P1148.png,data/distorted/haze/1.5/test/images/P1148.png
P1148,haze,2.0,2.0,-1.4665949750964753,data/clean/test/images/P1148.png,data/distorted/haze/2.0/test/images/P1148.png
P1148,haze,2.5,2.5,-1.9879747124947498,data/clean/test/images/P1148.png,data/distorted/haze/2.5/test/images/P1148.png
P1148,haze,3.0,3.0,-2.28850191757253,data/clean/test/images/P1148.png,data/distorted/haze/3.0/test/images/P1148.png
P1148,jpeg,1,1.0,19.57404175651671,data/clean/test/images/P1148.png,data/distorted/jpeg/1/test/images/P1148.png
P1148,jpeg,3,3.0,19.65723681904055,data/clean/test/images/P1148.png,data/distorted/jpeg/3/test/images/P1148.png
P1148,jpeg,5,5.0,21.040883551891124,data/clean/test/images/P1148.png,data/distorted/jpeg/5/test/images/P1148.png
P1148,jpeg,10,10.0,24.80857672314382,data/clean/test/images/P1148.png,data/distorted/jpeg/10/test/images/P1148.png
P1148,jpeg,20,20.0,30.104761783914014,data/clean/test/images/P1148.png,data/distorted/jpeg/20/test/images/P1148.png
P1148,jpeg,40,40.0,34.07143569434872,data/clean/test/images/P1148.png,data/distorted/jpeg/40/test/images/P1148.png
P1148,noise,5,5.0,19.930527772429418,data/clean/test/images/P1148.png,data/distorted/noise/5/test/images/P1148.png
P1148,noise,10,10.0,17.940567974308838,data/clean/test/images/P1148.png,data/distorted/noise/10/test/images/P1148.png
P1148,noise,15,15.0,15.866801938845779,data/clean/test/images/P1148.png,data/distorted/noise/15/test/images/P1148.png
P1148,noise,25,25.0,12.422029052156331,data/clean/test/images/P1148.png,data/distorted/noise/25/test/images/P1148.png
P1148,noise,35,35.0,9.864228115381819,data/clean/test/images/P1148.png,data/distorted/noise/35/test/images/P1148.png
P1148,noise,50,50.0,7.164647521404321,data/clean/test/images/P1148.png,data/distorted/noise/50/test/images/P1148.png
P1158,haze,0.5,0.5,1.8773512275205815,data/clean/test/images/P1158.png,data/distorted/haze/0.5/test/images/P1158.png
P1158,haze,1.0,1.0,-2.263395040683667,data/clean/test/images/P1158.png,data/distorted/haze/1.0/test/images/P1158.png
P1158,haze,1.5,1.5,-4.060893529948549,data/clean/test/images/P1158.png,data/distorted/haze/1.5/test/images/P1158.png
P1158,haze,2.0,2.0,-4.994880729950063,data/clean/test/images/P1158.png,data/distorted/haze/2.0/test/images/P1158.png
P1158,haze,2.5,2.5,-5.515696595099239,data/clean/test/images/P1158.png,data/distorted/haze/2.5/test/images/P1158.png
P1158,haze,3.0,3.0,-5.816520271289056,data/clean/test/images/P1158.png,data/distorted/haze/3.0/test/images/P1158.png
P1158,jpeg,1,1.0,16.230063610418494,data/clean/test/images/P1158.png,data/distorted/jpeg/1/test/images/P1158.png
P1158,jpeg,3,3.0,16.30913732166165,data/clean/test/images/P1158.png,data/distorted/jpeg/3/test/images/P1158.png
P1158,jpeg,5,5.0,18.266624290879236,data/clean/test/images/P1158.png,data/distorted/jpeg/5/test/images/P1158.png
P1158,jpeg,10,10.0,21.475547780373564,data/clean/test/images/P1158.png,data/distorted/jpeg/10/test/images/P1158.png
P1158,jpeg,20,20.0,25.85290708272054,data/clean/test/images/P1158.png,data/distorted/jpeg/20/test/images/P1158.png
P1158,jpeg,40,40.0,29.530020418032535,data/clean/test/images/P1158.png,data/distorted/jpeg/40/test/images/P1158.png
P1158,noise,5,5.0,18.319155723717667,data/clean/test/images/P1158.png,data/distorted/noise/5/test/images/P1158.png
P1158,noise,10,10.0,15.989982099040718,data/clean/test/images/P1158.png,data/distorted/noise/10/test/images/P1158.png
P1158,noise,15,15.0,13.707629255174758,data/clean/test/images/P1158.png,data/distorted/noise/15/test/images/P1158.png
P1158,noise,25,25.0,10.115979643531357,data/clean/test/images/P1158.png,data/distorted/noise/25/test/images/P1158.png
P1158,noise,35,35.0,7.596510922962655,data/clean/test/images/P1158.png,data/distorted/noise/35/test/images/P1158.png
P1158,noise,50,50.0,5.016450166837698,data/clean/test/images/P1158.png,data/distorted/noise/50/test/images/P1158.png
P1207,haze,0.5,0.5,15.350956011368332,data/clean/test/images/P1207.png,data/distorted/haze/0.5/test/images/P1207.png
P1207,haze,1.0,1.0,11.096570809192324,data/clean/test/images/P1207.png,data/distorted/haze/1.0/test/images/P1207.png
P1207,haze,1.5,1.5,9.242750120530486,data/clean/test/images/P1207.png,data/distorted/haze/1.5/test/images/P1207.png
P1207,haze,2.0,2.0,8.203172773903809,data/clean/test/images/P1207.png,data/distorted/haze/2.0/test/images/P1207.png
P1207,haze,2.5,2.5,7.635119217725437,data/clean/test/images/P1207.png,data/distorted/haze/2.5/test/images/P1207.png
P1207,haze,3.0,3.0,7.549653330920897,data/clean/test/images/P1207.png,data/distorted/haze/3.0/test/images/P1207.png
P1207,jpeg,1,1.0,11.959796701653445,data/clean/test/images/P1207.png,data/distorted/jpeg/1/test/images/P1207.png
P1207,jpeg,3,3.0,11.959964933824521,data/clean/test/images/P1207.png,data/distorted/jpeg/3/test/images/P1207.png
P1207,jpeg,5,5.0,16.930029556698003,data/clean/test/images/P1207.png,data/distorted/jpeg/5/test/images/P1207.png
P1207,jpeg,10,10.0,19.296192820912378,data/clean/test/images/P1207.png,data/distorted/jpeg/10/test/images/P1207.png
P1207,jpeg,20,20.0,24.983149499516188,data/clean/test/images/P1207.png,data/distorted/jpeg/20/test/images/P1207.png
P1207,jpeg,40,40.0,26.733416833796838,data/clean/test/images/P1207.png,data/distorted/jpeg/40/test/images/P1207.png
P1207,noise,5,5.0,14.259903721277162,data/clean/test/images/P1207.png,data/distorted/noise/5/test/images/P1207.png
P1207,noise,10,10.0,11.026884147270934,data/clean/test/images/P1207.png,data/distorted/noise/10/test/images/P1207.png
P1207,noise,15,15.0,8.337265131206351,data/clean/test/images/P1207.png,data/distorted/noise/15/test/images/P1207.png
P1207,noise,25,25.0,4.732367585286502,data/clean/test/images/P1207.png,data/distorted/noise/25/test/images/P1207.png
P1207,noise,35,35.0,2.457235977217895,data/clean/test/images/P1207.png,data/distorted/noise/35/test/images/P1207.png
P1207,noise,50,50.0,0.06158267833384691,data/clean/test/images/P1207.png,data/distorted/noise/50/test/images/P1207.png
P1216,haze,0.5,0.5,14.90694668235479,data/clean/test/images/P1216.png,data/distorted/haze/0.5/test/images/P1216.png
P1216,haze,1.0,1.0,10.626127382201172,data/clean/test/images/P1216.png,data/distorted/haze/1.0/test/images/P1216.png
P1216,haze,1.5,1.5,8.788338333859452,data/clean/test/images/P1216.png,data/distorted/haze/1.5/test/images/P1216.png
P1216,haze,2.0,2.0,7.820576304007783,data/clean/test/images/P1216.png,data/distorted/haze/2.0/test/images/P1216.png
P1216,haze,2.5,2.5,7.295009099793226,data/clean/test/images/P1216.png,data/distorted/haze/2.5/test/images/P1216.png
P1216,haze,3.0,3.0,7.036070236256017,data/clean/test/images/P1216.png,data/distorted/haze/3.0/test/images/P1216.png
P1216,jpeg,1,1.0,16.511817152095663,data/clean/test/images/P1216.png,data/distorted/jpeg/1/test/images/P1216.png
P1216,jpeg,3,3.0,16.511966455284856,data/clean/test/images/P1216.png,data/distorted/jpeg/3/test/images/P1216.png
P1216,jpeg,5,5.0,16.90300657359296,data/clean/test/images/P1216.png,data/distorted/jpeg/5/test/images/P1216.png
P1216,jpeg,10,10.0,23.781773448300775,data/clean/test/images/P1216.png,data/distorted/jpeg/10/test/images/P1216.png
P1216,jpeg,20,20.0,26.457134829149904,data/clean/test/images/P1216.png,data/distorted/jpeg/20/test/images/P1216.png
P1216,jpeg,40,40.0,28.84449819724083,data/clean/test/images/P1216.png,data/distorted/jpeg/40/test/images/P1216.png
P1216,noise,5,5.0,15.920886238471386,data/clean/test/images/P1216.png,data/distorted/noise/5/test/images/P1216.png
P1216,noise,10,10.0,13.09028608211332,data/clean/test/images/P1216.png,data/distorted/noise/10/test/images/P1216.png
P1216,noise,15,15.0,10.546370864454456,data/clean/test/images/P1216.png,data/distorted/noise/15/test/images/P1216.png
P1216,noise,25,25.0,6.835401465952272,data/clean/test/images/P1216.png,data/distorted/noise/25/test/images/P1216.png
P1216,noise,35,35.0,4.423860006043564,data/clean/test/images/P1216.png,data/distorted/noise/35/test/images/P1216.png
P1216,noise,50,50.0,1.9967531047946827,data/clean/test/images/P1216.png,data/distorted/noise/50/test/images/P1216.png
P1242,haze,0.5,0.5,7.927859820929124,data/clean/test/images/P1242.png,data/distorted/haze/0.5/test/images/P1242.png
P1242,haze,1.0,1.0,3.7656718704473113,data/clean/test/images/P1242.png,data/distorted/haze/1.0/test/images/P1242.png
P1242,haze,1.5,1.5,1.9642796513223548,data/clean/test/images/P1242.png,data/distorted/haze/1.5/test/images/P1242.png
P1242,haze,2.0,2.0,1.0276772410505044,data/clean/test/images/P1242.png,data/distorted/haze/2.0/test/images/P1242.png
P1242,haze,2.5,2.5,0.5084271744256931,data/clean/test/images/P1242.png,data/distorted/haze/2.5/test/images/P1242.png
P1242,haze,3.0,3.0,0.19655812795111516,data/clean/test/images/P1242.png,data/distorted/haze/3.0/test/images/P1242.png
P1242,jpeg,1,1.0,22.176049414095537,data/clean/test/images/P1242.png,data/distorted/jpeg/1/test/images/P1242.png
P1242,jpeg,3,3.0,22.302436370903052,data/clean/test/images/P1242.png,data/distorted/jpeg/3/test/images/P1242.png
P1242,jpeg,5,5.0,21.178403414143155,data/clean/test/images/P1242.png,data/distorted/jpeg/5/test/images/P1242.png
P1242,jpeg,10,10.0,26.60247812052376,data/clean/test/images/P1242.png,data/distorted/jpeg/10/test/images/P1242.png
P1242,jpeg,20,20.0,29.231745748318648,data/clean/test/images/P1242.png,data/distorted/jpeg/20/test/images/P1242.png
P1242,jpeg,40,40.0,31.8289376846731,data/clean/test/images/P1242.png,data/distorted/jpeg/40/test/images/P1242.png
P1242,noise,5,5.0,19.03489667129496,data/clean/test/images/P1242.png,data/distorted/noise/5/test/images/P1242.png
P1242,noise,10,10.0,16.994869847991673,data/clean/test/images/P1242.png,data/distorted/noise/10/test/images/P1242.png
P1242,noise,15,15.0,14.887529325329204,data/clean/test/images/P1242.png,data/distorted/noise/15/test/images/P1242.png
P1242,noise,25,25.0,11.40649436472825,data/clean/test/images/P1242.png,data/distorted/noise/25/test/images/P1242.png
P1242,noise,35,35.0,8.818687332292992,data/clean/test/images/P1242.png,data/distorted/noise/35/test/images/P1242.png
P1242,noise,50,50.0,6.0848033094447995,data/clean/test/images/P1242.png,data/distorted/noise/50/test/images/P1242.png
P1358,haze,0.5,0.5,6.387151597018584,data/clean/test/images/P1358.png,data/distorted/haze/0.5/test/images/P1358.png
P1358,haze,1.0,1.0,2.2343840047325108,data/clean/test/images/P1358.png,data/distorted/haze/1.0/test/images/P1358.png
P1358,haze,1.5,1.5,0.43217114358522984,data/clean/test/images/P1358.png,data/distorted/haze/1.5/test/images/P1358.png
P1358,haze,2.0,2.0,-0.5035654998513757,data/clean/test/images/P1358.png,data/distorted/haze/2.0/test/images/P1358.png
P1358,haze,2.5,2.5,-1.0259237392561882,data/clean/test/images/P1358.png,data/distorted/haze/2.5/test/images/P1358.png
P1358,haze,3.0,3.0,-1.324456802364888,data/clean/test/images/P1358.png,data/distorted/haze/3.0/test/images/P1358.png
P1358,jpeg,1,1.0,16.8551497994027,data/clean/test/images/P1358.png,data/distorted/jpeg/1/test/images/P1358.png
P1358,jpeg,3,3.0,17.127109356163313,data/clean/test/images/P1358.png,data/distorted/jpeg/3/test/images/P1358.png
P1358,jpeg,5,5.0,19.131413678333587,data/clean/test/images/P1358.png,data/distorted/jpeg/5/test/images/P1358.png
P1358,jpeg,10,10.0,22.361952911552777,data/clean/test/images/P1358.png,data/distorted/jpeg/10/test/images/P1358.png
P1358,jpeg,20,20.0,25.655862571399638,data/clean/test/images/P1358.png,data/distorted/jpeg/20/test/images/P1358.png
P1358,jpeg,40,40.0,28.921777790877616,data/clean/test/images/P1358.png,data/distorted/jpeg/40/test/images/P1358.png
P1358,noise,5,5.0,18.820584935120145,data/clean/test/images/P1358.png,data/distorted/noise/5/test/images/P1358.png
P1358,noise,10,10.0,16.679247699799525,data/clean/test/images/P1358.png,data/distorted/noise/10/test/images/P1358.png
P1358,noise,15,15.0,14.508877267605953,data/clean/test/images/P1358.png,data/distorted/noise/15/test/images/P1358.png
P1358,noise,25,25.0,10.992545092466216,data/clean/test/images/P1358.png,data/distorted/noise/25/test/images/P1358.png
P1358,noise,35,35.0,8.436669854810036,data/clean/test/images/P1358.png,data/distorted/noise/35/test/images/P1358.png
P1358,noise,50,50.0,5.760237204532313,data/clean/test/images/P1358.png,data/distorted/noise/50/test/images/P1358.png
P1522,haze,0.5,0.5,0.6740611305126085,data/clean/test/images/P1522.png,data/distorted/haze/0.5/test/images/P1522.png
P1522,haze,1.0,1.0,-3.4716154371810086,data/clean/test/images/P1522.png,data/distorted/haze/1.0/test/images/P1522.png
P1522,haze,1.5,1.5,-5.269196494591687,data/clean/test/images/P1522.png,data/distorted/haze/1.5/test/images/P1522.png
P1522,haze,2.0,2.0,-6.2062216849659375,data/clean/test/images/P1522.png,data/distorted/haze/2.0/test/images/P1522.png
P1522,haze,2.5,2.5,-6.727946084698971,data/clean/test/images/P1522.png,data/distorted/haze/2.5/test/images/P1522.png
P1522,haze,3.0,3.0,-7.027910854028823,data/clean/test/images/P1522.png,data/distorted/haze/3.0/test/images/P1522.png
P1522,jpeg,1,1.0,13.90998162777426,data/clean/test/images/P1522.png,data/distorted/jpeg/1/test/images/P1522.png
P1522,jpeg,3,3.0,14.01442495693778,data/clean/test/images/P1522.png,data/distorted/jpeg/3/test/images/P1522.png
P1522,jpeg,5,5.0,17.687303158971865,data/clean/test/images/P1522.png,data/distorted/jpeg/5/test/images/P1522.png
P1522,jpeg,10,10.0,21.621485566432096,data/clean/test/images/P1522.png,data/distorted/jpeg/10/test/images/P1522.png
P1522,jpeg,20,20.0,25.368669178257093,data/clean/test/images/P1522.png,data/distorted/jpeg/20/test/images/P1522.png
P1522,jpeg,40,40.0,28.93415400882069,data/clean/test/images/P1522.png,data/distorted/jpeg/40/test/images/P1522.png
P1522,noise,5,5.0,16.25101246032057,data/clean/test/images/P1522.png,data/distorted/noise/5/test/images/P1522.png
P1522,noise,10,10.0,13.42869843392161,data/clean/test/images/P1522.png,data/distorted/noise/10/test/images/P1522.png
P1522,noise,15,15.0,10.897863189262168,data/clean/test/images/P1522.png,data/distorted/noise/15/test/images/P1522.png
P1522,noise,25,25.0,7.233206520021561,data/clean/test/images/P1522.png,data/distorted/noise/25/test/images/P1522.png
P1522,noise,35,35.0,4.836094459870875,data/clean/test/images/P1522.png,data/distorted/noise/35/test/images/P1522.png
P1522,noise,50,50.0,2.392292725142042,data/clean/test/images/P1522.png,data/distorted/noise/50/test/images/P1522.png
P1676,haze,0.5,0.5,6.239809160173539,data/clean/test/images/P1676.png,data/distorted/haze/0.5/test/images/P1676.png
P1676,haze,1.0,1.0,2.0568380606665446,data/clean/test/images/P1676.png,data/distorted/haze/1.0/test/images/P1676.png
P1676,haze,1.5,1.5,0.24381101414136147,data/clean/test/images/P1676.png,data/distorted/haze/1.5/test/images/P1676.png
P1676,haze,2.0,2.0,-0.684643378333431,data/clean/test/images/P1676.png,data/distorted/haze/2.0/test/images/P1676.png
P1676,haze,2.5,2.5,-1.2100551048203754,data/clean/test/images/P1676.png,data/distorted/haze/2.5/test/images/P1676.png
P1676,haze,3.0,3.0,-1.5124002810591257,data/clean/test/images/P1676.png,data/distorted/haze/3.0/test/images/P1676.png
P1676,jpeg,1,1.0,12.86641705622386,data/clean/test/images/P1676.png,data/distorted/jpeg/1/test/images/P1676.png
P1676,jpeg,3,3.0,12.888667495155858,data/clean/test/images/P1676.png,data/distorted/jpeg/3/test/images/P1676.png
P1676,jpeg,5,5.0,19.293875891963268,data/clean/test/images/P1676.png,data/distorted/jpeg/5/test/images/P1676.png
P1676,jpeg,10,10.0,23.349739914592163,data/clean/test/images/P1676.png,data/distorted/jpeg/10/test/images/P1676.png
P1676,jpeg,20,20.0,27.185127490310848,data/clean/test/images/P1676.png,data/distorted/jpeg/20/test/images/P1676.png
P1676,jpeg,40,40.0,30.75755743569087,data/clean/test/images/P1676.png,data/distorted/jpeg/40/test/images/P1676.png
P1676,noise,5,5.0,15.741058735440653,data/clean/test/images/P1676.png,data/distorted/noise/5/test/images/P1676.png
P1676,noise,10,10.0,12.824831910112307,data/clean/test/images/P1676.png,data/distorted/noise/10/test/images/P1676.png
P1676,noise,15,15.0,10.248630650831261,data/clean/test/images/P1676.png,data/distorted/noise/15/test/images/P1676.png
P1676,noise,25,25.0,6.576728204306671,data/clean/test/images/P1676.png,data/distorted/noise/25/test/images/P1676.png
P1676,noise,35,35.0,4.204731345305023,data/clean/test/images/P1676.png,data/distorted/noise/35/test/images/P1676.png
P1676,noise,50,50.0,1.7773556563940107,data/clean/test/images/P1676.png,data/distorted/noise/50/test/images/P1676.png
P1693,haze,0.5,0.5,2.2659924574835646,data/clean/test/images/P1693.png,data/distorted/haze/0.5/test/images/P1693.png
P1693,haze,1.0,1.0,-1.9092666431754388,data/clean/test/images/P1693.png,data/distorted/haze/1.0/test/images/P1693.png
P1693,haze,1.5,1.5,-3.709550039019778,data/clean/test/images/P1693.png,data/distorted/haze/1.5/test/images/P1693.png
P1693,haze,2.0,2.0,-4.649629614031485,data/clean/test/images/P1693.png,data/distorted/haze/2.0/test/images/P1693.png
P1693,haze,2.5,2.5,-5.174632740511188,data/clean/test/images/P1693.png,data/distorted/haze/2.5/test/images/P1693.png
P1693,haze,3.0,3.0,-5.478578914823531,data/clean/test/images/P1693.png,data/distorted/haze/3.0/test/images/P1693.png
P1693,jpeg,1,1.0,11.87820207737743,data/clean/test/images/P1693.png,data/distorted/jpeg/1/test/images/P1693.png
P1693,jpeg,3,3.0,11.899176766760721,data/clean/test/images/P1693.png,data/distorted/jpeg/3/test/images/P1693.png
P1693,jpeg,5,5.0,14.769208314827411,data/clean/test/images/P1693.png,data/distorted/jpeg/5/test/images/P1693.png
P1693,jpeg,10,10.0,19.06188612044553,data/clean/test/images/P1693.png,data/distorted/jpeg/10/test/images/P1693.png
P1693,jpeg,20,20.0,23.05050531240977,data/clean/test/images/P1693.png,data/distorted/jpeg/20/test/images/P1693.png
P1693,jpeg,40,40.0,26.776822791577256,data/clean/test/images/P1693.png,data/distorted/jpeg/40/test/images/P1693.png
P1693,noise,5,5.0,13.915175814532358,data/clean/test/images/P1693.png,data/distorted/noise/5/test/images/P1693.png
P1693,noise,10,10.0,10.575950951187954,data/clean/test/images/P1693.png,data/distorted/noise/10/test/images/P1693.png
P1693,noise,15,15.0,7.900503082520668,data/clean/test/images/P1693.png,data/distorted/noise/15/test/images/P1693.png
P1693,noise,25,25.0,4.356434473670643,data/clean/test/images/P1693.png,data/distorted/noise/25/test/images/P1693.png
P1693,noise,35,35.0,2.0787386105455727,data/clean/test/images/P1693.png,data/distorted/noise/35/test/images/P1693.png
P1693,noise,50,50.0,-0.3561990499188405,data/clean/test/images/P1693.png,data/distorted/noise/50/test/images/P1693.png
P1960,haze,0.5,0.5,1.0804351413983797,data/clean/test/images/P1960.png,data/distorted/haze/0.5/test/images/P1960.png
P1960,haze,1.0,1.0,-3.059641652799325,data/clean/test/images/P1960.png,data/distorted/haze/1.0/test/images/P1960.png
P1960,haze,1.5,1.5,-4.856862293818967,data/clean/test/images/P1960.png,data/distorted/haze/1.5/test/images/P1960.png
P1960,haze,2.0,2.0,-5.790278337390608,data/clean/test/images/P1960.png,data/distorted/haze/2.0/test/images/P1960.png
P1960,haze,2.5,2.5,-6.30996569871607,data/clean/test/images/P1960.png,data/distorted/haze/2.5/test/images/P1960.png
P1960,haze,3.0,3.0,-6.61095670316427,data/clean/test/images/P1960.png,data/distorted/haze/3.0/test/images/P1960.png
P1960,jpeg,1,1.0,12.104370556866924,data/clean/test/images/P1960.png,data/distorted/jpeg/1/test/images/P1960.png
P1960,jpeg,3,3.0,12.494472471060412,data/clean/test/images/P1960.png,data/distorted/jpeg/3/test/images/P1960.png
P1960,jpeg,5,5.0,14.447599941828134,data/clean/test/images/P1960.png,data/distorted/jpeg/5/test/images/P1960.png
P1960,jpeg,10,10.0,17.180789481701062,data/clean/test/images/P1960.png,data/distorted/jpeg/10/test/images/P1960.png
P1960,jpeg,20,20.0,19.795003452254925,data/clean/test/images/P1960.png,data/distorted/jpeg/20/test/images/P1960.png
P1960,jpeg,40,40.0,22.40589246949206,data/clean/test/images/P1960.png,data/distorted/jpeg/40/test/images/P1960.png
P1960,noise,5,5.0,18.742692092680496,data/clean/test/images/P1960.png,data/distorted/noise/5/test/images/P1960.png
P1960,noise,10,10.0,16.293099980088655,data/clean/test/images/P1960.png,data/distorted/noise/10/test/images/P1960.png
P1960,noise,15,15.0,13.990417631103158,data/clean/test/images/P1960.png,data/distorted/noise/15/test/images/P1960.png
P1960,noise,25,25.0,10.454896832320532,data/clean/test/images/P1960.png,data/distorted/noise/25/test/images/P1960.png
P1960,noise,35,35.0,7.967248691920599,data/clean/test/images/P1960.png,data/distorted/noise/35/test/images/P1960.png
P1960,noise,50,50.0,5.368404670308264,data/clean/test/images/P1960.png,data/distorted/noise/50/test/images/P1960.png
P2002,haze,0.5,0.5,4.860032409218513,data/clean/test/images/P2002.png,data/distorted/haze/0.5/test/images/P2002.png
P2002,haze,1.0,1.0,0.7178100141676964,data/clean/test/images/P2002.png,data/distorted/haze/1.0/test/images/P2002.png
P2002,haze,1.5,1.5,-1.080482782374186,data/clean/test/images/P2002.png,data/distorted/haze/1.5/test/images/P2002.png
P2002,haze,2.0,2.0,-2.014001555914583,data/clean/test/images/P2002.png,data/distorted/haze/2.0/test/images/P2002.png
P2002,haze,2.5,2.5,-2.5352195806301507,data/clean/test/images/P2002.png,data/distorted/haze/2.5/test/images/P2002.png
P2002,haze,3.0,3.0,-2.836374626600188,data/clean/test/images/P2002.png,data/distorted/haze/3.0/test/images/P2002.png
P2002,jpeg,1,1.0,13.980686893327704,data/clean/test/images/P2002.png,data/distorted/jpeg/1/test/images/P2002.png
P2002,jpeg,3,3.0,14.424606798748435,data/clean/test/images/P2002.png,data/distorted/jpeg/3/test/images/P2002.png
P2002,jpeg,5,5.0,16.27117992282966,data/clean/test/images/P2002.png,data/distorted/jpeg/5/test/images/P2002.png
P2002,jpeg,10,10.0,18.955062054807698,data/clean/test/images/P2002.png,data/distorted/jpeg/10/test/images/P2002.png
P2002,jpeg,20,20.0,21.535769174699382,data/clean/test/images/P2002.png,data/distorted/jpeg/20/test/images/P2002.png
P2002,jpeg,40,40.0,24.200143461862567,data/clean/test/images/P2002.png,data/distorted/jpeg/40/test/images/P2002.png
P2002,noise,5,5.0,20.133232621864543,data/clean/test/images/P2002.png,data/distorted/noise/5/test/images/P2002.png
P2002,noise,10,10.0,18.0896224084385,data/clean/test/images/P2002.png,data/distorted/noise/10/test/images/P2002.png
P2002,noise,15,15.0,16.00633219633587,data/clean/test/images/P2002.png,data/distorted/noise/15/test/images/P2002.png
P2002,noise,25,25.0,12.61645090590527,data/clean/test/images/P2002.png,data/distorted/noise/25/test/images/P2002.png
P2002,noise,35,35.0,10.125409065632144,data/clean/test/images/P2002.png,data/distorted/noise/35/test/images/P2002.png
P2002,noise,50,50.0,7.477305172744494,data/clean/test/images/P2002.png,data/distorted/noise/50/test/images/P2002.png
P2045,haze,0.5,0.5,-2.1150712203237814,data/clean/test/images/P2045.png,data/distorted/haze/0.5/test/images/P2045.png
P2045,haze,1.0,1.0,-6.2623796195255474,data/clean/test/images/P2045.png,data/distorted/haze/1.0/test/images/P2045.png
P2045,haze,1.5,1.5,-8.051201993604842,data/clean/test/images/P2045.png,data/distorted/haze/1.5/test/images/P2045.png
P2045,haze,2.0,2.0,-8.98274535310346,data/clean/test/images/P2045.png,data/distorted/haze/2.0/test/images/P2045.png
P2045,haze,2.5,2.5,-9.50322884322832,data/clean/test/images/P2045.png,data/distorted/haze/2.5/test/images/P2045.png
P2045,haze,3.0,3.0,-9.808527291807252,data/clean/test/images/P2045.png,data/distorted/haze/3.0/test/images/P2045.png
P2045,jpeg,1,1.0,12.84029835412397,data/clean/test/images/P2045.png,data/distorted/jpeg/1/test/images/P2045.png
P2045,jpeg,3,3.0,13.153590935202292,data/clean/test/images/P2045.png,data/distorted/jpeg/3/test/images/P2045.png
P2045,jpeg,5,5.0,13.346643692433972,data/clean/test/images/P2045.png,data/distorted/jpeg/5/test/images/P2045.png
P2045,jpeg,10,10.0,17.061994056725165,data/clean/test/images/P2045.png,data/distorted/jpeg/10/test/images/P2045.png
P2045,jpeg,20,20.0,19.463734227925602,data/clean/test/images/P2045.png,data/distorted/jpeg/20/test/images/P2045.png
P2045,jpeg,40,40.0,21.76224141933286,data/clean/test/images/P2045.png,data/distorted/jpeg/40/test/images/P2045.png
P2045,noise,5,5.0,18.214729965318885,data/clean/test/images/P2045.png,data/distorted/noise/5/test/images/P2045.png
P2045,noise,10,10.0,15.128994613008588,data/clean/test/images/P2045.png,data/distorted/noise/10/test/images/P2045.png
P2045,noise,15,15.0,12.46548683296618,data/clean/test/images/P2045.png,data/distorted/noise/15/test/images/P2045.png
P2045,noise,25,25.0,8.59041952840807,data/clean/test/images/P2045.png,data/distorted/noise/25/test/images/P2045.png
P2045,noise,35,35.0,5.900434693190877,data/clean/test/images/P2045.png,data/distorted/noise/35/test/images/P2045.png
P2045,noise,50,50.0,3.045400340762248,data/clean/test/images/P2045.png,data/distorted/noise/50/test/images/P2045.png
P2210,haze,0.5,0.5,7.906267167456884,data/clean/test/images/P2210.png,data/distorted/haze/0.5/test/images/P2210.png
P2210,haze,1.0,1.0,3.7578872823843357,data/clean/test/images/P2210.png,data/distorted/haze/1.0/test/images/P2210.png
P2210,haze,1.5,1.5,1.957582725170045,data/clean/test/images/P2210.png,data/distorted/haze/1.5/test/images/P2210.png
P2210,haze,2.0,2.0,1.023761393165845,data/clean/test/images/P2210.png,data/distorted/haze/2.0/test/images/P2210.png
P2210,haze,2.5,2.5,0.5028003574439475,data/clean/test/images/P2210.png,data/distorted/haze/2.5/test/images/P2210.png
P2210,haze,3.0,3.0,0.20090172909196463,data/clean/test/images/P2210.png,data/distorted/haze/3.0/test/images/P2210.png
P2210,jpeg,1,1.0,17.31171540937068,data/clean/test/images/P2210.png,data/distorted/jpeg/1/test/images/P2210.png
P2210,jpeg,3,3.0,17.620211272002603,data/clean/test/images/P2210.png,data/distorted/jpeg/3/test/images/P2210.png
P2210,jpeg,5,5.0,19.37819629131758,data/clean/test/images/P2210.png,data/distorted/jpeg/5/test/images/P2210.png
P2210,jpeg,10,10.0,22.098891768561792,data/clean/test/images/P2210.png,data/distorted/jpeg/10/test/images/P2210.png
P2210,jpeg,20,20.0,24.798327485670548,data/clean/test/images/P2210.png,data/distorted/jpeg/20/test/images/P2210.png
P2210,jpeg,40,40.0,27.566475827586917,data/clean/test/images/P2210.png,data/distorted/jpeg/40/test/images/P2210.png
P2210,noise,5,5.0,20.55719792704562,data/clean/test/images/P2210.png,data/distorted/noise/5/test/images/P2210.png
P2210,noise,10,10.0,18.79368214143526,data/clean/test/images/P2210.png,data/distorted/noise/10/test/images/P2210.png
P2210,noise,15,15.0,16.8769275470944,data/clean/test/images/P2210.png,data/distorted/noise/15/test/images/P2210.png
P2210,noise,25,25.0,13.589568375205769,data/clean/test/images/P2210.png,data/distorted/noise/25/test/images/P2210.png
P2210,noise,35,35.0,11.097135733621833,data/clean/test/images/P2210.png,data/distorted/noise/35/test/images/P2210.png
P2210,noise,50,50.0,8.417491432910921,data/clean/test/images/P2210.png,data/distorted/noise/50/test/images/P2210.png
P2257,haze,0.5,0.5,-0.3082821267200897,data/clean/test/images/P2257.png,data/distorted/haze/0.5/test/images/P2257.png
P2257,haze,1.0,1.0,-4.431120678661079,data/clean/test/images/P2257.png,data/distorted/haze/1.0/test/images/P2257.png
P2257,haze,1.5,1.5,-6.229889189073971,data/clean/test/images/P2257.png,data/distorted/haze/1.5/test/images/P2257.png
P2257,haze,2.0,2.0,-7.1584781531260955,data/clean/test/images/P2257.png,data/distorted/haze/2.0/test/images/P2257.png
P2257,haze,2.5,2.5,-7.68305114347708,data/clean/test/images/P2257.png,data/distorted/haze/2.5/test/images/P2257.png
P2257,haze,3.0,3.0,-7.981104136230549,data/clean/test/images/P2257.png,data/distorted/haze/3.0/test/images/P2257.png
P2257,jpeg,1,1.0,12.477786333566554,data/clean/test/images/P2257.png,data/distorted/jpeg/1/test/images/P2257.png
P2257,jpeg,3,3.0,12.708355565484657,data/clean/test/images/P2257.png,data/distorted/jpeg/3/test/images/P2257.png
P2257,jpeg,5,5.0,13.968331971125814,data/clean/test/images/P2257.png,data/distorted/jpeg/5/test/images/P2257.png
P2257,jpeg,10,10.0,17.696956149205953,data/clean/test/images/P2257.png,data/distorted/jpeg/10/test/images/P2257.png
P2257,jpeg,20,20.0,19.778534962431618,data/clean/test/images/P2257.png,data/distorted/jpeg/20/test/images/P2257.png
P2257,jpeg,40,40.0,21.82019373616256,data/clean/test/images/P2257.png,data/distorted/jpeg/40/test/images/P2257.png
P2257,noise,5,5.0,18.725603143275332,data/clean/test/images/P2257.png,data/distorted/noise/5/test/images/P2257.png
P2257,noise,10,10.0,16.175043171549056,data/clean/test/images/P2257.png,data/distorted/noise/10/test/images/P2257.png
P2257,noise,15,15.0,13.777043165674318,data/clean/test/images/P2257.png,data/distorted/noise/15/test/images/P2257.png
P2257,noise,25,25.0,10.109261808004435,data/clean/test/images/P2257.png,data/distorted/noise/25/test/images/P2257.png
P2257,noise,35,35.0,7.532889420901691,data/clean/test/images/P2257.png,data/distorted/noise/35/test/images/P2257.png
P2257,noise,50,50.0,4.829972755911008,data/clean/test/images/P2257.png,data/distorted/noise/50/test/images/P2257.png
P2278,haze,0.5,0.5,5.838380669868601,data/clean/test/images/P2278.png,data/distorted/haze/0.5/test/images/P2278.png
P2278,haze,1.0,1.0,1.6961726678617888,data/clean/test/images/P2278.png,data/distorted/haze/1.0/test/images/P2278.png
P2278,haze,1.5,1.5,-0.10245779734369602,data/clean/test/images/P2278.png,data/distorted/haze/1.5/test/images/P2278.png
P2278,haze,2.0,2.0,-1.03625400596153,data/clean/test/images/P2278.png,data/distorted/haze/2.0/test/images/P2278.png
P2278,haze,2.5,2.5,-1.557860609819552,data/clean/test/images/P2278.png,data/distorted/haze/2.5/test/images/P2278.png
P2278,haze,3.0,3.0,-1.859477925139611,data/clean/test/images/P2278.png,data/distorted/haze/3.0/test/images/P2278.png
P2278,jpeg,1,1.0,15.47051788661064,data/clean/test/images/P2278.png,data/distorted/jpeg/1/test/images/P2278.png
P2278,jpeg,3,3.0,15.718446459341957,data/clean/test/images/P2278.png,data/distorted/jpeg/3/test/images/P2278.png
P2278,jpeg,5,5.0,19.32560711462325,data/clean/test/images/P2278.png,data/distorted/jpeg/5/test/images/P2278.png
P2278,jpeg,10,10.0,22.41815767529062,data/clean/test/images/P2278.png,data/distorted/jpeg/10/test/images/P2278.png
P2278,jpeg,20,20.0,25.330235074863516,data/clean/test/images/P2278.png,data/distorted/jpeg/20/test/images/P2278.png
P2278,jpeg,40,40.0,28.173513029123697,data/clean/test/images/P2278.png,data/distorted/jpeg/40/test/images/P2278.png
P2278,noise,5,5.0,20.412009783960237,data/clean/test/images/P2278.png,data/distorted/noise/5/test/images/P2278.png
P2278,noise,10,10.0,18.45460329814053,data/clean/test/images/P2278.png,data/distorted/noise/10/test/images/P2278.png
P2278,noise,15,15.0,16.410449687904375,data/clean/test/images/P2278.png,data/distorted/noise/15/test/images/P2278.png
P2278,noise,25,25.0,13.042293298374224,data/clean/test/images/P2278.png,data/distorted/noise/25/test/images/P2278.png
P2278,noise,35,35.0,10.564978628800102,data/clean/test/images/P2278.png,data/distorted/noise/35/test/images/P2278.png
P2278,noise,50,50.0,7.925426993026543,data/clean/test/images/P2278.png,data/distorted/noise/50/test/images/P2278.png
P2332,haze,0.5,0.5,5.9761552615503435,data/clean/test/images/P2332.png,data/distorted/haze/0.5/test/images/P2332.png
P2332,haze,1.0,1.0,1.8305272220529856,data/clean/test/images/P2332.png,data/distorted/haze/1.0/test/images/P2332.png
P2332,haze,1.5,1.5,0.03125122406322042,data/clean/test/images/P2332.png,data/distorted/haze/1.5/test/images/P2332.png
P2332,haze,2.0,2.0,-0.9024374379511846,data/clean/test/images/P2332.png,data/distorted/haze/2.0/test/images/P2332.png
P2332,haze,2.5,2.5,-1.4236184162396683,data/clean/test/images/P2332.png,data/distorted/haze/2.5/test/images/P2332.png
P2332,haze,3.0,3.0,-1.7252397676347173,data/clean/test/images/P2332.png,data/distorted/haze/3.0/test/images/P2332.png
P2332,jpeg,1,1.0,15.559262764021968,data/clean/test/images/P2332.png,data/distorted/jpeg/1/test/images/P2332.png
P2332,jpeg,3,3.0,16.060658861486566,data/clean/test/images/P2332.png,data/distorted/jpeg/3/test/images/P2332.png
P2332,jpeg,5,5.0,18.10339314345165,data/clean/test/images/P2332.png,data/distorted/jpeg/5/test/images/P2332.png
P2332,jpeg,10,10.0,20.967059213276716,data/clean/test/images/P2332.png,data/distorted/jpeg/10/test/images/P2332.png
P2332,jpeg,20,20.0,23.851728931230976,data/clean/test/images/P2332.png,data/distorted/jpeg/20/test/images/P2332.png
P2332,jpeg,40,40.0,26.67646366822526,data/clean/test/images/P2332.png,data/distorted/jpeg/40/test/images/P2332.png
P2332,noise,5,5.0,19.92722660303555,data/clean/test/images/P2332.png,data/distorted/noise/5/test/images/P2332.png
P2332,noise,10,10.0,17.99544979659794,data/clean/test/images/P2332.png,data/distorted/noise/10/test/images/P2332.png
P2332,noise,15,15.0,15.96084700182303,data/clean/test/images/P2332.png,data/distorted/noise/15/test/images/P2332.png
P2332,noise,25,25.0,12.563257648400723,data/clean/test/images/P2332.png,data/distorted/noise/25/test/images/P2332.png
P2332,noise,35,35.0,10.046179274532003,data/clean/test/images/P2332.png,data/distorted/noise/35/test/images/P2332.png
P2332,noise,50,50.0,7.384516854645794,data/clean/test/images/P2332.png,data/distorted/noise/50/test/images/P2332.png
P2352,haze,0.5,0.5,3.9654789895446925,data/clean/test/images/P2352.png,data/distorted/haze/0.5/test/images/P2352.png
P2352,haze,1.0,1.0,-0.1780756366915568,data/clean/test/images/P2352.png,data/distorted/haze/1.0/test/images/P2352.png
P2352,haze,1.5,1.5,-1.9769275020241341,data/clean/test/images/P2352.png,data/distorted/haze/1.5/test/images/P2352.png
P2352,haze,2.0,2.0,-2.9098595813212564,data/clean/test/images/P2352.png,data/distorted/haze/2.0/test/images/P2352.png
P2352,haze,2.5,2.5,-3.431012087393018,data/clean/test/images/P2352.png,data/distorted/haze/2.5/test/images/P2352.png
P2352,haze,3.0,3.0,-3.732413907995245,data/clean/test/images/P2352.png,data/distorted/haze/3.0/test/images/P2352.png
P2352,jpeg,1,1.0,14.3263736278703,data/clean/test/images/P2352.png,data/distorted/jpeg/1/test/images/P2352.png
P2352,jpeg,3,3.0,14.761401762237087,data/clean/test/images/P2352.png,data/distorted/jpeg/3/test/images/P2352.png
P2352,jpeg,5,5.0,16.94038426637713,data/clean/test/images/P2352.png,data/distorted/jpeg/5/test/images/P2352.png
P2352,jpeg,10,10.0,20.1870508345715,data/clean/test/images/P2352.png,data/distorted/jpeg/10/test/images/P2352.png
P2352,jpeg,20,20.0,23.38840983151254,data/clean/test/images/P2352.png,data/distorted/jpeg/20/test/images/P2352.png
P2352,jpeg,40,40.0,26.342223346663232,data/clean/test/images/P2352.png,data/distorted/jpeg/40/test/images/P2352.png
P2352,noise,5,5.0,19.225308245121216,data/clean/test/images/P2352.png,data/distorted/noise/5/test/images/P2352.png
P2352,noise,10,10.0,17.088828182594657,data/clean/test/images/P2352.png,data/distorted/noise/10/test/images/P2352.png
P2352,noise,15,15.0,14.926554682836127,data/clean/test/images/P2352.png,data/distorted/noise/15/test/images/P2352.png
P2352,noise,25,25.0,11.447338467652719,data/clean/test/images/P2352.png,data/distorted/noise/25/test/images/P2352.png
P2352,noise,35,35.0,8.939859766946354,data/clean/test/images/P2352.png,data/distorted/noise/35/test/images/P2352.png
P2352,noise,50,50.0,6.305120693691312,data/clean/test/images/P2352.png,data/distorted/noise/50/test/images/P2352.png
P2456,haze,0.5,0.5,2.9845441851226093,data/clean/test/images/P2456.png,data/distorted/haze/0.5/test/images/P2456.png
P2456,haze,1.0,1.0,-1.1572081101382818,data/clean/test/images/P2456.png,data/distorted/haze/1.0/test/images/P2456.png
P2456,haze,1.5,1.5,-2.955062425589803,data/clean/test/images/P2456.png,data/distorted/haze/1.5/test/images/P2456.png
P2456,haze,2.0,2.0,-3.8880797841416035,data/clean/test/images/P2456.png,data/distorted/haze/2.0/test/images/P2456.png
P2456,haze,2.5,2.5,-4.409025274043776,data/clean/test/images/P2456.png,data/distorted/haze/2.5/test/images/P2456.png
P2456,haze,3.0,3.0,-4.710043851043785,data/clean/test/images/P2456.png,data/distorted/haze/3.0/test/images/P2456.png
P2456,jpeg,1,1.0,11.425592311697875,data/clean/test/images/P2456.png,data/distorted/jpeg/1/test/images/P2456.png
P2456,jpeg,3,3.0,11.882895850381365,data/clean/test/images/P2456.png,data/distorted/jpeg/3/test/images/P2456.png
P2456,jpeg,5,5.0,13.487981686354352,data/clean/test/images/P2456.png,data/distorted/jpeg/5/test/images/P2456.png
P2456,jpeg,10,10.0,15.80714766885624,data/clean/test/images/P2456.png,data/distorted/jpeg/10/test/images/P2456.png
P2456,jpeg,20,20.0,18.076322110605545,data/clean/test/images/P2456.png,data/distorted/jpeg/20/test/images/P2456.png
P2456,jpeg,40,40.0,20.468136110860442,data/clean/test/images/P2456.png,data/distorted/jpeg/40/test/images/P2456.png
P2456,noise,5,5.0,19.208217609577474,data/clean/test/images/P2456.png,data/distorted/noise/5/test/images/P2456.png
P2456,noise,10,10.0,16.972547390331943,data/clean/test/images/P2456.png,data/distorted/noise/10/test/images/P2456.png
P2456,noise,15,15.0,14.776817735331523,data/clean/test/images/P2456.png,data/distorted/noise/15/test/images/P2456.png
P2456,noise,25,25.0,11.31900364309873,data/clean/test/images/P2456.png,data/distorted/noise/25/test/images/P2456.png
P2456,noise,35,35.0,8.845014137401698,data/clean/test/images/P2456.png,data/distorted/noise/35/test/images/P2456.png
P2456,noise,50,50.0,6.232592206623085,data/clean/test/images/P2456.png,data/distorted/noise/50/test/images/P2456.png
P2528,haze,0.5,0.5,2.2747921538620504,data/clean/test/images/P2528.png,data/distorted/haze/0.5/test/images/P2528.png
P2528,haze,1.0,1.0,-1.8660903682900798,data/clean/test/images/P2528.png,data/distorted/haze/1.0/test/images/P2528.png
P2528,haze,1.5,1.5,-3.6634382163949435,data/clean/test/images/P2528.png,data/distorted/haze/1.5/test/images/P2528.png
P2528,haze,2.0,2.0,-4.597145720463633,data/clean/test/images/P2528.png,data/distorted/haze/2.0/test/images/P2528.png
P2528,haze,2.5,2.5,-5.11791520209812,data/clean/test/images/P2528.png,data/distorted/haze/2.5/test/images/P2528.png
P2528,haze,3.0,3.0,-5.419063470719349,data/clean/test/images/P2528.png,data/distorted/haze/3.0/test/images/P2528.png
P2528,jpeg,1,1.0,13.826729415775159,data/clean/test/images/P2528.png,data/distorted/jpeg/1/test/images/P2528.png
P2528,jpeg,3,3.0,14.288779035568524,data/clean/test/images/P2528.png,data/distorted/jpeg/3/test/images/P2528.png
P2528,jpeg,5,5.0,16.346366581736163,data/clean/test/images/P2528.png,data/distorted/jpeg/5/test/images/P2528.png
P2528,jpeg,10,10.0,19.38664827975415,data/clean/test/images/P2528.png,data/distorted/jpeg/10/test/images/P2528.png
P2528,jpeg,20,20.0,22.667913430852607,data/clean/test/images/P2528.png,data/distorted/jpeg/20/test/images/P2528.png
P2528,jpeg,40,40.0,25.74160719666121,data/clean/test/images/P2528.png,data/distorted/jpeg/40/test/images/P2528.png
P2528,noise,5,5.0,18.887584775389573,data/clean/test/images/P2528.png,data/distorted/noise/5/test/images/P2528.png
P2528,noise,10,10.0,16.58086178911169,data/clean/test/images/P2528.png,data/distorted/noise/10/test/images/P2528.png
P2528,noise,15,15.0,14.33068084219389,data/clean/test/images/P2528.png,data/distorted/noise/15/test/images/P2528.png
P2528,noise,25,25.0,10.806534867124878,data/clean/test/images/P2528.png,data/distorted/noise/25/test/images/P2528.png
P2528,noise,35,35.0,8.313440924873545,data/clean/test/images/P2528.png,data/distorted/noise/35/test/images/P2528.png
P2528,noise,50,50.0,5.716742859358506,data/clean/test/images/P2528.png,data/distorted/noise/50/test/images/P2528.png
P2591,haze,0.5,0.5,2.9597437639520887,data/clean/test/images/P2591.png,data/distorted/haze/0.5/test/images/P2591.png
P2591,haze,1.0,1.0,-1.1835231932628774,data/clean/test/images/P2591.png,data/distorted/haze/1.0/test/images/P2591.png
P2591,haze,1.5,1.5,-2.9815562555769084,data/clean/test/images/P2591.png,data/distorted/haze/1.5/test/images/P2591.png
P2591,haze,2.0,2.0,-3.9147955875317186,data/clean/test/images/P2591.png,data/distorted/haze/2.0/test/images/P2591.png
P2591,haze,2.5,2.5,-4.4354132881462185,data/clean/test/images/P2591.png,data/distorted/haze/2.5/test/images/P2591.png
P2591,haze,3.0,3.0,-4.736694985989264,data/clean/test/images/P2591.png,data/distorted/haze/3.0/test/images/P2591.png
P2591,jpeg,1,1.0,12.762892477303488,data/clean/test/images/P2591.png,data/distorted/jpeg/1/test/images/P2591.png
P2591,jpeg,3,3.0,12.975312662317304,data/clean/test/images/P2591.png,data/distorted/jpeg/3/test/images/P2591.png
P2591,jpeg,5,5.0,14.783873492259813,data/clean/test/images/P2591.png,data/distorted/jpeg/5/test/images/P2591.png
P2591,jpeg,10,10.0,18.197541684017175,data/clean/test/images/P2591.png,data/distorted/jpeg/10/test/images/P2591.png
P2591,jpeg,20,20.0,20.716376749416977,data/clean/test/images/P2591.png,data/distorted/jpeg/20/test/images/P2591.png
P2591,jpeg,40,40.0,23.2465100738473,data/clean/test/images/P2591.png,data/distorted/jpeg/40/test/images/P2591.png
P2591,noise,5,5.0,18.971423718160054,data/clean/test/images/P2591.png,data/distorted/noise/5/test/images/P2591.png
P2591,noise,10,10.0,16.71792337876081,data/clean/test/images/P2591.png,data/distorted/noise/10/test/images/P2591.png
P2591,noise,15,15.0,14.498144493903082,data/clean/test/images/P2591.png,data/distorted/noise/15/test/images/P2591.png
P2591,noise,25,25.0,10.991131578552288,data/clean/test/images/P2591.png,data/distorted/noise/25/test/images/P2591.png
P2591,noise,35,35.0,8.496307777134128,data/clean/test/images/P2591.png,data/distorted/noise/35/test/images/P2591.png
P2591,noise,50,50.0,5.895345580959301,data/clean/test/images/P2591.png,data/distorted/noise/50/test/images/P2591.png
P2613,haze,0.5,0.5,-2.371584975023479,data/clean/test/images/P2613.png,data/distorted/haze/0.5/test/images/P2613.png
P2613,haze,1.0,1.0,-6.50277438202946,data/clean/test/images/P2613.png,data/distorted/haze/1.0/test/images/P2613.png
P2613,haze,1.5,1.5,-8.286569694697352,data/clean/test/images/P2613.png,data/distorted/haze/1.5/test/images/P2613.png
P2613,haze,2.0,2.0,-9.226302301663784,data/clean/test/images/P2613.png,data/distorted/haze/2.0/test/images/P2613.png
P2613,haze,2.5,2.5,-9.753197243840951,data/clean/test/images/P2613.png,data/distorted/haze/2.5/test/images/P2613.png
P2613,haze,3.0,3.0,-10.050942226844713,data/clean/test/images/P2613.png,data/distorted/haze/3.0/test/images/P2613.png
P2613,jpeg,1,1.0,12.293558386398338,data/clean/test/images/P2613.png,data/distorted/jpeg/1/test/images/P2613.png
P2613,jpeg,3,3.0,12.760416150328847,data/clean/test/images/P2613.png,data/distorted/jpeg/3/test/images/P2613.png
P2613,jpeg,5,5.0,13.993518580810072,data/clean/test/images/P2613.png,data/distorted/jpeg/5/test/images/P2613.png
P2613,jpeg,10,10.0,17.552753995744837,data/clean/test/images/P2613.png,data/distorted/jpeg/10/test/images/P2613.png
P2613,jpeg,20,20.0,20.15060517865489,data/clean/test/images/P2613.png,data/distorted/jpeg/20/test/images/P2613.png
P2613,jpeg,40,40.0,22.644446906496118,data/clean/test/images/P2613.png,data/distorted/jpeg/40/test/images/P2613.png
P2613,noise,5,5.0,18.568217592373415,data/clean/test/images/P2613.png,data/distorted/noise/5/test/images/P2613.png
P2613,noise,10,10.0,15.70723661730936,data/clean/test/images/P2613.png,data/distorted/noise/10/test/images/P2613.png
P2613,noise,15,15.0,13.159233930742097,data/clean/test/images/P2613.png,data/distorted/noise/15/test/images/P2613.png
P2613,noise,25,25.0,9.37348864071137,data/clean/test/images/P2613.png,data/distorted/noise/25/test/images/P2613.png
P2613,noise,35,35.0,6.723096329204116,data/clean/test/images/P2613.png,data/distorted/noise/35/test/images/P2613.png
P2613,noise,50,50.0,3.9176376769619137,data/clean/test/images/P2613.png,data/distorted/noise/50/test/images/P2613.png
P2724,haze,0.5,0.5,4.913293274855296,data/clean/test/images/P2724.png,data/distorted/haze/0.5/test/images/P2724.png
P2724,haze,1.0,1.0,0.769638618008045,data/clean/test/images/P2724.png,data/distorted/haze/1.0/test/images/P2724.png
P2724,haze,1.5,1.5,-1.0302486023462831,data/clean/test/images/P2724.png,data/distorted/haze/1.5/test/images/P2724.png
P2724,haze,2.0,2.0,-1.9633209705011945,data/clean/test/images/P2724.png,data/distorted/haze/2.0/test/images/P2724.png
P2724,haze,2.5,2.5,-2.4844134488842275,data/clean/test/images/P2724.png,data/distorted/haze/2.5/test/images/P2724.png
P2724,haze,3.0,3.0,-2.7860666967465297,data/clean/test/images/P2724.png,data/distorted/haze/3.0/test/images/P2724.png
P2724,jpeg,1,1.0,14.616442957536705,data/clean/test/images/P2724.png,data/distorted/jpeg/1/test/images/P2724.png
P2724,jpeg,3,3.0,15.105169071196018,data/clean/test/images/P2724.png,data/distorted/jpeg/3/test/images/P2724.png
P2724,jpeg,5,5.0,17.03796836631622,data/clean/test/images/P2724.png,data/distorted/jpeg/5/test/images/P2724.png
P2724,jpeg,10,10.0,19.611522741617165,data/clean/test/images/P2724.png,data/distorted/jpeg/10/test/images/P2724.png
P2724,jpeg,20,20.0,22.225657593058457,data/clean/test/images/P2724.png,data/distorted/jpeg/20/test/images/P2724.png
P2724,jpeg,40,40.0,24.76323208379966,data/clean/test/images/P2724.png,data/distorted/jpeg/40/test/images/P2724.png
P2724,noise,5,5.0,19.512336983364587,data/clean/test/images/P2724.png,data/distorted/noise/5/test/images/P2724.png
P2724,noise,10,10.0,17.48303898830143,data/clean/test/images/P2724.png,data/distorted/noise/10/test/images/P2724.png
P2724,noise,15,15.0,15.38285772606281,data/clean/test/images/P2724.png,data/distorted/noise/15/test/images/P2724.png
P2724,noise,25,25.0,11.927110987673064,data/clean/test/images/P2724.png,data/distorted/noise/25/test/images/P2724.png
P2724,noise,35,35.0,9.397481110245389,data/clean/test/images/P2724.png,data/distorted/noise/35/test/images/P2724.png
P2724,noise,50,50.0,6.740637879054518,data/clean/test/images/P2724.png,data/distorted/noise/50/test/images/P2724.png
P2754,haze,0.5,0.5,7.085367568586637,data/clean/test/images/P2754.png,data/distorted/haze/0.5/test/images/P2754.png
P2754,haze,1.0,1.0,2.939982000486405,data/clean/test/images/P2754.png,data/distorted/haze/1.0/test/images/P2754.png
P2754,haze,1.5,1.5,1.1407302816996128,data/clean/test/images/P2754.png,data/distorted/haze/1.5/test/images/P2754.png
P2754,haze,2.0,2.0,0.2071711822927556,data/clean/test/images/P2754.png,data/distorted/haze/2.0/test/images/P2754.png
P2754,haze,2.5,2.5,-0.313708804995269,data/clean/test/images/P2754.png,data/distorted/haze/2.5/test/images/P2754.png
P2754,haze,3.0,3.0,-0.6158405412213037,data/clean/test/images/P2754.png,data/distorted/haze/3.0/test/images/P2754.png
P2754,jpeg,1,1.0,15.915656438942483,data/clean/test/images/P2754.png,data/distorted/jpeg/1/test/images/P2754.png
P2754,jpeg,3,3.0,16.30736882517285,data/clean/test/images/P2754.png,data/distorted/jpeg/3/test/images/P2754.png
P2754,jpeg,5,5.0,18.381514184227488,data/clean/test/images/P2754.png,data/distorted/jpeg/5/test/images/P2754.png
P2754,jpeg,10,10.0,21.379904630923065,data/clean/test/images/P2754.png,data/distorted/jpeg/10/test/images/P2754.png
P2754,jpeg,20,20.0,24.241561018350055,data/clean/test/images/P2754.png,data/distorted/jpeg/20/test/images/P2754.png
P2754,jpeg,40,40.0,26.796605836900618,data/clean/test/images/P2754.png,data/distorted/jpeg/40/test/images/P2754.png
P2754,noise,5,5.0,20.501624546408127,data/clean/test/images/P2754.png,data/distorted/noise/5/test/images/P2754.png
P2754,noise,10,10.0,18.666722039269,data/clean/test/images/P2754.png,data/distorted/noise/10/test/images/P2754.png
P2754,noise,15,15.0,16.700713695266856,data/clean/test/images/P2754.png,data/distorted/noise/15/test/images/P2754.png
P2754,noise,25,25.0,13.373608469351145,data/clean/test/images/P2754.png,data/distorted/noise/25/test/images/P2754.png
P2754,noise,35,35.0,10.89094559506968,data/clean/test/images/P2754.png,data/distorted/noise/35/test/images/P2754.png
P2754,noise,50,50.0,8.255274442578191,data/clean/test/images/P2754.png,data/distorted/noise/50/test/images/P2754.png
